index,url,valid,domain,title,description,image,published,archive,content,quote,language,keyword
https://www.welt.de/geschichte/article68d247246199625f8c0fa0f8/neustart-der-schulen-1945-taeglich-einen-sauberen-ziegelstein-mitbringen.html,https://www.welt.de/geschichte/article68d247246199625f8c0fa0f8/neustart-der-schulen-1945-taeglich-einen-sauberen-ziegelstein-mitbringen.html,0,www.welt.de,„Hausaufgabe: täglich einen sauberen Ziegelstein mitbringen“,Neben vielem anderem hatte der Nationalsozialismus auch das deutsche Bildungswesen ruiniert. Im Herbst 1945 stand der Neustart an – doch die Probleme war so vielfältig wie herausfordernd.,https://images.welt.de/68d247246199625f8c0fa0f8/1d2c82efb0ab67145dc73c66c909f097/ci16x9-w1200/german-re-education,2025-10-01T04:50:31Z,,Neben vielem anderem hatte der Nationalsozialismus auch das deutsche Bildungswesen ruiniert. Im Herbst 1945 stand der Neustart an doch die Probleme war so vielfältig wie herausfordernd.Bildung tat No… [+8199 chars],,de,'Herbst'
https://www.stern.de/familie/feldsalat-im-herbst-anbauen--so-ernten-sie-frischen-rapunzel-35693626.html,https://www.stern.de/familie/feldsalat-im-herbst-anbauen--so-ernten-sie-frischen-rapunzel-35693626.html,0,www.stern.de,"Pflanzen, pflegen, ernten: Feldsalat anbauen: Das sind die wichtigsten Schritte","Das aus dem gleichnamigen Märchen bekannte Blattgemüse enthält viele gesunde Vitamine und Mineralstoffe. Wer Rapunzel selbst anbauen möchte, muss nur wenige Schritte beachten.",https://image.stern.de/35693628/t/9L/v2/w1440/r1.7778/-/feldsalat-anbauen.jpg,2025-10-01T04:57:00Z,,"Kopiere den aktuellen Link
Zur Merkliste hinzufügen
Das aus dem gleichnamigen Märchen bekannte Blattgemüse enthält viele gesunde Vitamine und Mineralstoffe. Wer Rapunzel selbst anbauen möchte, muss… [+4567 chars]",,de,'Aussaat'
https://www.kino-zeit.de/film-kritiken-trailer/dead-of-winter-eisige-stille-2025,https://www.kino-zeit.de/film-kritiken-trailer/dead-of-winter-eisige-stille-2025,0,www.kino-zeit.de,Dead of Winter – Eisige Stille (2025),"Locarno 2025

 

 
 




 
 LEONINE Distribution GmbH

 
 Dead of Winter – Eisige Stille (2025) von Brian Kirk

 
 



Trotz Emma Thompson bleibt’s frostig
Emma Thompson wurde beim diesjährigen Locarno Filmfestival mit dem Leopard Club Award geehrt. Ein ve…",,2025-10-01T05:43:21Z,,"Doch die Euphorie hielt nicht lange an. Denn ausgerechnet der im Anschluss gezeigte Film The Dead of Winter, in dem Thompson nicht nur die Hauptrolle spielt, sondern auch als Produzentin beteiligt is… [+4076 chars]",,de,'Schnee'
https://www.zeit.de/news/2025-10/01/wenig-schnee-viel-hitze-gletscher-schrumpfen-weiter,https://www.zeit.de/news/2025-10/01/wenig-schnee-viel-hitze-gletscher-schrumpfen-weiter,0,www.zeit.de,"Klimawandel: Wenig Schnee, viel Hitze: Gletscher schrumpfen weiter","Hier finden Sie Informationen zu dem Thema „Klimawandel“. Lesen Sie jetzt „Wenig Schnee, viel Hitze: Gletscher schrumpfen weiter“.",https://img.zeit.de/news/2025-10/01/wenig-schnee-viel-hitze-gletscher-schrumpfen-weiter-image-group/wide__1300x731,2025-10-01T07:00:08Z,,"Es gibt keine Verschnaufpause für die Schweizer Gletscher: in diesem Jahr wurde bei ihnen der viertgrößte Schwund seit Messbeginn 1950 erfasst. Ihr Volumen ging um drei Prozent zurück, wie das Gletsc… [+2221 chars]",,de,'Winter'
https://www.stern.de/panorama/wissen/klimawandel--wenig-schnee--viel-hitze--gletscher-schrumpfen-weiter-36096194.html,https://www.stern.de/panorama/wissen/klimawandel--wenig-schnee--viel-hitze--gletscher-schrumpfen-weiter-36096194.html,0,www.stern.de,"Klimawandel: Wenig Schnee, viel Hitze: Gletscher schrumpfen weiter",Gletscherschwund im Rekordtempo: Warum ein schneearmer Winter und Hitzewellen das Schweizer Gebirge gefährlicher machen – und was das für Alpendörfer wie Blatten bedeutet.,https://image.stern.de/36096196/t/7i/v1/w1440/r1.7778/-/01--ltv75aqgwuv3axs2048jpeg---6fc7ab2906a8b0e0.jpg,2025-10-01T07:00:08Z,,"Kopiere den aktuellen Link
Zur Merkliste hinzufügen
Gletscherschwund im Rekordtempo: Warum ein schneearmer Winter und Hitzewellen das Schweizer Gebirge gefährlicher machen und was das für Alpendörf… [+2406 chars]",,de,'Schnee'
https://www.tagesspiegel.de/wissen/klimawandel-wenig-schnee-viel-hitze-gletscher-schrumpfen-weiter-14434421.html,https://www.tagesspiegel.de/wissen/klimawandel-wenig-schnee-viel-hitze-gletscher-schrumpfen-weiter-14434421.html,0,www.tagesspiegel.de,"Klimawandel: Wenig Schnee, viel Hitze: Gletscher schrumpfen weiter",Gletscherschwund im Rekordtempo: Warum ein schneearmer Winter und Hitzewellen das Schweizer Gebirge gefährlicher machen – und was das für Alpendörfer wie Blatten bedeutet.,https://www.tagesspiegel.de/images/14434418/alternates/BASE_16_9_W1400/1759302100000/rhonegletscher-in-der-schweiz.jpeg,2025-10-01T07:01:41Z,,"Es gibt keine Verschnaufpause für die Schweizer Gletscher: in diesem Jahr wurde bei ihnen der viertgrößte Schwund seit Messbeginn 1950 erfasst. Ihr Volumen ging um drei Prozent zurück, wie das Gletsc… [+2273 chars]",,de,'Winter'
https://www.focus.de/wissen/die-weissen-riesen-zerfallen-experten-warnen-vor-dramatischem-gletscher-sterben_b29a8723-ef5d-4259-ab8d-0fbb9a9b7e18.html,https://www.focus.de/wissen/die-weissen-riesen-zerfallen-experten-warnen-vor-dramatischem-gletscher-sterben_b29a8723-ef5d-4259-ab8d-0fbb9a9b7e18.html,0,www.focus.de,Die weißen Riesen zerfallen: Experten warnen vor dramatischem Gletscher-Sterben,Gletscherschwund im Rekordtempo: Warum ein schneearmer Winter und Hitzewellen das Schweizer Gebirge gefährlicher machen – und was das für Alpendörfer wie Blatten bedeutet.,https://quadro.burda-forward.de/ctf/635a8850-7385-4e6b-837c-b129bfd2e04d.2f7ad36e-1965-4e7e-86de-7ebec6a92038.jpeg?im=RegionOfInterestCrop%3D%281200%2C630%29%2CregionOfInterest%3D%28993%2C757%29&hash=440fddd9a8091696f58fce5664e896c255c168a36659d71815b8185026d6aa2c,2025-10-01T08:02:38Z,,"Es gibt keine Verschnaufpause für die Schweizer Gletscher: in diesem Jahr wurde bei ihnen der viertgrößte Schwund seit Messbeginn 1950 erfasst. Ihr Volumen ging um drei Prozent zurück, wie das Gletsc… [+4175 chars]",,de,'Winter'
https://www.zeit.de/news/2025-10/01/polizei-warnt-vor-mehr-unfaellen-und-einbruechen-im-herbst,https://www.zeit.de/news/2025-10/01/polizei-warnt-vor-mehr-unfaellen-und-einbruechen-im-herbst,0,www.zeit.de,Blaulicht: Polizei warnt vor mehr Unfällen und Einbrüchen im Herbst,Hier finden Sie Informationen zu dem Thema „Blaulicht“. Lesen Sie jetzt „Polizei warnt vor mehr Unfällen und Einbrüchen im Herbst“.,https://img.zeit.de/news/2025-10/01/polizei-warnt-vor-mehr-unfaellen-und-einbruechen-im-herbst-image-group/wide__1300x731,2025-10-01T09:00:38Z,,"Die Polizei warnt vor Einbrechern und Unfallgefahren im Herbst und Winter. Mit mehreren Aktionen in ganz Berlin wollen die Beamten im Oktober Menschen dafür sensibilisieren, wie die Polizei Berlin mi… [+720 chars]",,de,'Herbst'
https://www.stern.de/gesellschaft/regional/berlin-brandenburg/blaulicht--polizei-warnt-vor-mehr-unfaellen-und-einbruechen-im-herbst-36096612.html,https://www.stern.de/gesellschaft/regional/berlin-brandenburg/blaulicht--polizei-warnt-vor-mehr-unfaellen-und-einbruechen-im-herbst-36096612.html,0,www.stern.de,Blaulicht: Polizei warnt vor mehr Unfällen und Einbrüchen im Herbst,"Dunkelheit, nasses Laub auf den Straßen oder Glätte: Im Herbst und Winter erhöht sich die Unfallgefahr. Aber auch Einbrüche gibt es vermehrt. Die Polizei Berlin warnt vor den Gefahren.",https://image.stern.de/36096614/t/wo/v1/w1440/r1.7778/-/01--xixg6zo7cqv5axs2048jpeg---36532674dc01c95f.jpg,2025-10-01T09:00:38Z,,"Kopiere den aktuellen Link
Zur Merkliste hinzufügen
Dunkelheit, nasses Laub auf den Straßen oder Glätte: Im Herbst und Winter erhöht sich die Unfallgefahr. Aber auch Einbrüche gibt es vermehrt. Die… [+920 chars]",,de,'Winter'
https://www.tagesspiegel.de/berlin/dunkle-jahreszeit-beginnt-polizei-berlin-warnt-vor-mehr-unfallen-und-einbruchen-im-herbst-14435873.html,https://www.tagesspiegel.de/berlin/dunkle-jahreszeit-beginnt-polizei-berlin-warnt-vor-mehr-unfallen-und-einbruchen-im-herbst-14435873.html,0,www.tagesspiegel.de,Dunkle Jahreszeit beginnt: Polizei Berlin warnt vor mehr Unfällen und Einbrüchen im Herbst,Im Herbst und Winter erhöht sich die Unfallgefahr. Aber auch Einbrüche gibt es vermehrt. Mit Aktionen will die Polizei Berlin die Menschen für die Gefahren sensibilisieren.,https://www.tagesspiegel.de/images/14435870/alternates/BASE_16_9_W1400/1759309310000/radfahrer-in-der-dunkelheit.jpeg,2025-10-01T09:01:50Z,,"Die Polizei warnt vor Einbrechern und Unfallgefahren im Herbst und Winter. Mit mehreren Aktionen in ganz Berlin wollen die Beamten im Oktober Menschen dafür sensibilisieren, wie die Polizei Berlin mi… [+975 chars]",,de,'Winter'
https://www.faz.net/aktuell/gesellschaft/schweiz-gletscher-in-den-alpen-schrumpfen-2025-weiter-accg-110712116.html,https://www.faz.net/aktuell/gesellschaft/schweiz-gletscher-in-den-alpen-schrumpfen-2025-weiter-accg-110712116.html,0,www.faz.net,"Wenig Schnee, viel Hitze: Gletscher in der Schweiz sind in diesem Jahr deutlich geschrumpft",Auf einen schneearmen Winter folgten mehrere Hitzewellen: In diesem Jahr ging das Volumen der Schweizer Gletscher um drei Prozent zurück. Das hat Folgen für das Gestein und die umliegenden Orte.,https://media1.faz.net/ppmedia/w1200/aktuell/gesellschaft/1814428222/1.10712121/facebook_teaser/der-muttgletscher-in-den.jpg.webp,2025-10-01T09:28:36Z,,"Es gibt keine Verschnaufpause für die Schweizer Gletscher: in diesem Jahr wurde bei ihnen der viertgrößte Schwund seit Messbeginn 1950 erfasst. Ihr Volumen ging um drei Prozent zurück, wie das Gletsc… [+2168 chars]",,de,'Schnee'
https://www.spektrum.de/news/klimawandel-wenig-schnee-viel-hitze-gletscher-schrumpfen-weiter/2289233,https://www.spektrum.de/news/klimawandel-wenig-schnee-viel-hitze-gletscher-schrumpfen-weiter/2289233,0,www.spektrum.de,"Wenig Schnee, viel Hitze: Klimawandel lässt Alpengletscher weiter schrumpfen",Gletscherschwund im Rekordtempo: Warum ein schneearmer Winter und Hitzewellen das Schweizer Gebirge gefährlicher machen – und was das für Alpendörfer wie Blatten bedeutet.,https://static.spektrum.de/fm/912/f1920x1080/GettyImages-996787872.jpg,2025-10-01T10:35:56Z,,"Es gibt keine Verschnaufpause für die Schweizer Gletscher: in diesem Jahr wurde bei ihnen der viertgrößte Schwund seit Messbeginn 1950 erfasst. Ihr Volumen ging um drei Prozent zurück, wie das Gletsc… [+876 chars]",,de,'Winter'
https://www.zeit.de/news/2025-10/01/laender-arbeiten-bei-deichrueckverlegungen-enger-zusammen,https://www.zeit.de/news/2025-10/01/laender-arbeiten-bei-deichrueckverlegungen-enger-zusammen,0,www.zeit.de,Hochwasserschutz: Länder arbeiten bei Deichrückverlegungen enger zusammen,Hier finden Sie Informationen zu dem Thema „Hochwasserschutz“. Lesen Sie jetzt „Länder arbeiten bei Deichrückverlegungen enger zusammen“.,https://img.zeit.de/news/2025-10/01/laender-arbeiten-bei-deichrueckverlegungen-enger-zusammen-image-group/wide__1300x731,2025-10-01T10:57:03Z,,"Die Elbe soll durch Deichrückverlegungen mehr Platz bekommen und so der Hochwasserschutz verstärkt werden: Sachsen-Anhalt, Niedersachsen und Brandenburg arbeiten dabei verstärkt zusammen. In Iden im … [+956 chars]",,de,'Hochwasser'
https://www.stern.de/gesellschaft/regional/berlin-brandenburg/hochwasserschutz--laender-arbeiten-bei-deichrueckverlegungen-enger-zusammen-36097152.html,https://www.stern.de/gesellschaft/regional/berlin-brandenburg/hochwasserschutz--laender-arbeiten-bei-deichrueckverlegungen-enger-zusammen-36097152.html,0,www.stern.de,Hochwasserschutz: Länder arbeiten bei Deichrückverlegungen enger zusammen,"Die Elbe soll mehr Raum bekommen, um sich bei Hochwasser auszubreiten. Sachsen-Anhalt, Brandenburg und Niedersachsen arbeiten dabei enger zusammen.",https://image.stern.de/36097154/t/UD/v1/w1440/r1.7778/-/01--fyetthx56av6axs2048jpeg---cee6ec35e9582baa.jpg,2025-10-01T10:57:03Z,,"Kopiere den aktuellen Link
Zur Merkliste hinzufügen
Die Elbe soll mehr Raum bekommen, um sich bei Hochwasser auszubreiten. Sachsen-Anhalt, Brandenburg und Niedersachsen arbeiten dabei enger zusamme… [+1119 chars]",,de,'Hochwasser'
https://www.tagesspiegel.de/berlin/hochwasserschutz-lander-arbeiten-bei-deichruckverlegungen-enger-zusammen-14437892.html,https://www.tagesspiegel.de/berlin/hochwasserschutz-lander-arbeiten-bei-deichruckverlegungen-enger-zusammen-14437892.html,0,www.tagesspiegel.de,Hochwasserschutz: Länder arbeiten bei Deichrückverlegungen enger zusammen,"Die Elbe soll mehr Raum bekommen, um sich bei Hochwasser auszubreiten. Sachsen-Anhalt, Brandenburg und Niedersachsen arbeiten dabei enger zusammen.",https://www.tagesspiegel.de/images/14437889/alternates/BASE_16_9_W1400/1759316289000/nach-dem-hochwasser-wittenberge.jpeg,2025-10-01T10:58:10Z,,"Die Elbe soll durch Deichrückverlegungen mehr Platz bekommen und so der Hochwasserschutz verstärkt werden: Sachsen-Anhalt, Niedersachsen und Brandenburg arbeiten dabei verstärkt zusammen. In Iden im … [+1006 chars]",,de,'Erle'
https://www.tagesschau.de/wissen/klima/schweizer-alpen-gletscher-schmelze-100.html,https://www.tagesschau.de/wissen/klima/schweizer-alpen-gletscher-schmelze-100.html,0,www.tagesschau.de,Schweizer Alpen-Gletscher schmelzen weiter in Rekordtempo,"Die Gletscher in den Alpen schwinden im Rekordtempo. Schneemangel und Hitzewellen haben auch in diesem Jahr die Eisschmelze vorangetrieben, zeigt ein Bericht. Seit 2015 ist ein Viertel des ""ewigen Eises"" geschmolzen. Von Kathrin Hondl.",https://images.tagesschau.de/image/209699be-0e12-45a0-b1a9-baff94f507a1/AAABmZ9Kl4Y/AAABmKJZ-0g/16x9-big/clariden-100.jpg?width=1280,2025-10-01T11:02:00Z,,"Stand: 01.10.2025 13:02 Uhr
Die Gletscher in den Alpen schwinden im Rekordtempo. Schneemangel und Hitzewellen haben auch in diesem Jahr die Eisschmelze vorangetrieben, zeigt ein Bericht. Seit 2015 i… [+4464 chars]",,de,'Schnee'
https://wien.orf.at/stories/3324038/,https://wien.orf.at/stories/3324038/,0,wien.orf.at,Weinleise läuft für „starken Jahrgang“,"Die Weinlese etwa am Wiener Nussberg läuft bereits auf Hochtouren. Vor zwei Wochen ist sie angelaufen. Geht es nach den Winzern hier, gibt es heuer einen „starken Jahrgang“ – vor allem dank optimaler Witterung. Die ersten Flaschen gelangen schon in den Handel.",https://ibs.orf.at/wie?image=https%3A%2F%2Foekastatic.orf.at%2Fmims%2F2025%2F40%2F30%2Fcrops%2Fw%3D1200%2Ch%3D627%2Cq%3D75%2F2785411_master_1074330_wein_3.jpg%3Fs%3D6aed9b0f317985c3c6a437676ec59e392cd9cf2a,2025-10-01T15:21:41Z,,"Wir sind mittendrin, sagt Thomas Podsednik, Geschäftsführer des Traditionshauses Mayer am Pfarrplatz. Bereits jetzt zeichnet sich laut dem Winzer ab, dass der Jahrgang 2025 außergewöhnlich ausfallen … [+3697 chars]",,de,'Weinlese'
https://www.tagesspiegel.de/potsdam/brandenburg/brandenburg-einigt-sich-mit-sachsen-anhalt-und-niedersachen-mehr-uberschwemmungsflachen-an-der-elbe-14444651.html,https://www.tagesspiegel.de/potsdam/brandenburg/brandenburg-einigt-sich-mit-sachsen-anhalt-und-niedersachen-mehr-uberschwemmungsflachen-an-der-elbe-14444651.html,0,www.tagesspiegel.de,Brandenburg einigt sich mit Sachsen-Anhalt und Niedersachen: Mehr Überschwemmungsflächen an der Elbe,"Sachsen-Anhalt, Niedersachsen und Brandenburg haben sich darauf geeinigt, dass der Hochwasserschutz an der Elbe verbessert werden soll.",https://www.tagesspiegel.de/images/12751178/alternates/BASE_16_9_W1400/1732264224000/wetter-in-brandenburg.jpeg,2025-10-01T18:03:25Z,,"Die Elbe soll künftig mehr Platz bekommen: Sachsen-Anhalt, Niedersachsen und Brandenburg wollen in den nächsten Jahren durch Deichrückverlegungen rund 1560 Hektar neue Überflutungsflächen für die reg… [+1515 chars]",,de,'Hochwasser'
https://www.welt.de/reise/article68cbb07ee257831613de11d9/unesco-welterbe-in-augsburg-die-stadt-in-der-das-wasser-einst-bergauf-floss.html,https://www.welt.de/reise/article68cbb07ee257831613de11d9/unesco-welterbe-in-augsburg-die-stadt-in-der-das-wasser-einst-bergauf-floss.html,0,www.welt.de,"Die Stadt, in der das Wasser einst bergauf floss","Europa lässt sich wunderbar mit der Bahn entdecken. Wir stellen in loser Folge Städte für einen Kurzurlaub vor. Diesmal: Augsburg, wo sich viel ums nasse Element dreht und man Wassertouren unternehmen kann.",https://images.welt.de/68cbb07ee257831613de11d9/eedb4e3039c469b26dee9c2a3afcf2c4-master/ci16x9-w1200/herkules-fontain-in-augsburg,2025-10-02T05:05:47Z,,"Europa lässt sich wunderbar mit der Bahn entdecken. Wir stellen in loser Folge Städte für einen Kurzurlaub vor. Diesmal: Augsburg, wo sich viel ums nasse Element dreht und man Wassertouren unternehme… [+6640 chars]",,de,'Laub'
https://www.welt.de/sport/article68dce80b381f1ea56f358d18/gewichtheben-deutschland-nach-dem-tiefpunkt-wie-sich-ein-team-neu-erfindet.html,https://www.welt.de/sport/article68dce80b381f1ea56f358d18/gewichtheben-deutschland-nach-dem-tiefpunkt-wie-sich-ein-team-neu-erfindet.html,0,www.welt.de,Die Neuerfindung des deutschen Gewichthebens,"Das deutsche Gewichtheben erlebte bei den Olympischen Spielen in Paris einen historischen Tiefpunkt: Null Starter, null Aufmerksamkeit. Es fehlen Helden wie einst Matthias Steiner. Jetzt aber wollen neue Gesichter die Lücke schließen. Eines von ihnen: Kiara K…",https://images.welt.de/68dce80b381f1ea56f358d18/7f450b2b144aa14233db5d0914643c63/ci16x9-w1200/kiara-klug,2025-10-02T05:10:18Z,,"Das deutsche Gewichtheben erlebte bei den Olympischen Spielen in Paris einen historischen Tiefpunkt: Null Starter, null Aufmerksamkeit. Es fehlen Helden wie einst Matthias Steiner. Jetzt aber wollen … [+6464 chars]",,de,'Schnee'
https://www.zeit.de/news/2025-10/02/leichte-sturmflut-droht-ausfaelle-bei-inselfaehren-moeglich,https://www.zeit.de/news/2025-10/02/leichte-sturmflut-droht-ausfaelle-bei-inselfaehren-moeglich,0,www.zeit.de,Hochwasser erwartet: Leichte Sturmflut droht – Ausfälle bei Inselfähren möglich,Hier finden Sie Informationen zu dem Thema „Hochwasser erwartet“. Lesen Sie jetzt „Leichte Sturmflut droht – Ausfälle bei Inselfähren möglich“.,https://img.zeit.de/news/2025-10/02/leichte-sturmflut-droht-ausfaelle-bei-inselfaehren-moeglich-image-group/wide__1300x731,2025-10-02T10:22:10Z,,Wegen eines erwarteten Herbststurmes und höherer Wasserstände an der Küste müssen sich Urlauber und Insulaner an diesem Wochenende auf mögliche Einschränkungen im Fährverkehr einstellen. Die Insel La… [+1997 chars],,de,'Hochwasser'
https://www.stern.de/gesellschaft/regional/niedersachsen-bremen/hochwasser-erwartet--leichte-sturmflut-droht---ausfaelle-bei-inselfaehren-moeglich-36100660.html,https://www.stern.de/gesellschaft/regional/niedersachsen-bremen/hochwasser-erwartet--leichte-sturmflut-droht---ausfaelle-bei-inselfaehren-moeglich-36100660.html,0,www.stern.de,Hochwasser erwartet: Leichte Sturmflut droht – Ausfälle bei Inselfähren möglich,Ausgerechnet am langen Feiertagswochenende wird an der niedersächsischen Küste ein Herbststurm erwartet. Das könnte Folgen für den Fährverkehr haben – worauf Ausflügler sich nun einstellen sollten.,https://image.stern.de/36100662/t/YZ/v1/w1440/r1.7778/-/02--jyberii4knv8axs2048jpeg---a70c8715b2b6f5b8.jpg,2025-10-02T10:22:10Z,,"Kopiere den aktuellen Link
Zur Merkliste hinzufügen
Ausgerechnet am langen Feiertagswochenende wird an der niedersächsischen Küste ein Herbststurm erwartet. Das könnte Folgen für den Fährverkehr ha… [+2208 chars]",,de,'Hochwasser'
https://www.zeit.de/news/2025-10/02/unfreundliches-herbstwetter-sturm-an-nordseekueste,https://www.zeit.de/news/2025-10/02/unfreundliches-herbstwetter-sturm-an-nordseekueste,0,www.zeit.de,Wetteraussichten: Unfreundliches Herbstwetter - Sturm an Nordseeküste,Hier finden Sie Informationen zu dem Thema „Wetteraussichten“. Lesen Sie jetzt „Unfreundliches Herbstwetter - Sturm an Nordseeküste“.,https://img.zeit.de/news/2025-10/02/unfreundliches-herbstwetter-sturm-an-nordseekueste-image-group/wide__1300x731,2025-10-02T10:39:47Z,,"Ausgerechnet zum langen Wochenende verabschiedet sich das freundliche Herbstwetter - es wird wechselhaft und windig. Der schwere Sturm, der noch Anfang der Woche für weite Teile Deutschlands prognost… [+1744 chars]",,de,'Gewitter'
https://www.businessinsider.de/gruenderszene/business/geht-deepl-bald-an-die-boerse-so-hoch-koennte-die-bewertung-sein/,https://www.businessinsider.de/gruenderszene/business/geht-deepl-bald-an-die-boerse-so-hoch-koennte-die-bewertung-sein/,0,www.businessinsider.de,"Geht DeepL bald an die Börse? So hoch könnte die Bewertung sein, laut Bloomberg","Bereits im Frühling wurde spekuliert, nun berichtet Bloomberg, dass sich die IPO-Pläne von DeepL verdichten.",https://cdn.businessinsider.de/wp-content/uploads/2024/12/deepl.jpg?ver=1734974815,2025-10-02T13:11:09Z,,"Bereits im Frühling wurde spekuliert, nun berichtet Bloomberg, dass sich die IPO-Pläne von DeepL verdichten. Statt in Frankfurt, könnte es in New York passieren. Nun also: Das Kölner Übersetzungs-Uni… [+1860 chars]",,de,'Frühling'
https://www.diepresse.com/20116674/altmodisches-apfelaroma-im-kleinformat-welche-zierapfelsorte-besonders,https://www.diepresse.com/20116674/altmodisches-apfelaroma-im-kleinformat-welche-zierapfelsorte-besonders,0,www.diepresse.com,Altmodisches Apfelaroma im Kleinformat: Welche Zierapfelsorte besonders schmeckt [premium],"Die kleinwüchsigen Zierapfelbäume sind nicht nur im Frühling ein zauberhafter Anblick, weil sie so reichlich blühen. Sondern sie behängen sich später im Jahr auch mit farbenfrohen Früchten, die je nach Sorte auch überraschend köstlich schmecken.",https://img.diepresse.com/public/incoming/6bdtzd-Zierapfel/alternates/DPR_SOCIAL_MAGAZIN/Zierapfel,2025-10-02T14:17:10Z,,"Die kleinwüchsigen Zierapfelbäume sind nicht nur im Frühling ein zauberhafter Anblick, weil sie so reichlich blühen. Sondern sie behängen sich später im Jahr auch mit farbenfrohen Früchten, die je na… [+1796 chars]",,de,'Frühling'
https://www.zeit.de/news/2025-10/03/zahl-der-erlegten-nutrias-im-nordosten-enorm-gestiegen,https://www.zeit.de/news/2025-10/03/zahl-der-erlegten-nutrias-im-nordosten-enorm-gestiegen,0,www.zeit.de,Invasive Nutrias: Zahl der erlegten Nutrias im Nordosten enorm gestiegen,Hier finden Sie Informationen zu dem Thema „Invasive Nutrias“. Lesen Sie jetzt „Zahl der erlegten Nutrias im Nordosten enorm gestiegen“.,https://img.zeit.de/news/2025-10/03/zahl-der-erlegten-nutrias-im-nordosten-enorm-gestiegen-image-group/wide__1300x731,2025-10-03T03:00:47Z,,"Vielerorts in Deutschland ist die Zahl der Nutrias zuletzt rasant gestiegen. «Die invasive Art kam 2023 in über einem Drittel (35 Prozent) der teilnehmenden Jagdreviere vor, eine Verdopplung gegenübe… [+3372 chars]",,de,'Erle'
https://www.stern.de/gesellschaft/regional/mecklenburg-vorpommern/invasive-nutrias--zahl-der-erlegten-nutrias-im-nordosten-enorm-gestiegen-36102876.html,https://www.stern.de/gesellschaft/regional/mecklenburg-vorpommern/invasive-nutrias--zahl-der-erlegten-nutrias-im-nordosten-enorm-gestiegen-36102876.html,0,www.stern.de,Invasive Nutrias: Zahl der erlegten Nutrias im Nordosten enorm gestiegen,Früher waren sie zur Zucht in Pelzfarmen eingesperrt. Inzwischen breiten sich Nutrias in freier Wildbahn rasant aus. Laut Jagdverband ist das nicht nur für den Hochwasserschutz gefährlich.,https://image.stern.de/36102878/t/Qu/v1/w1440/r1.7778/-/03--fskcho4lwwv9axs2048jpeg---cc383a45eb98591b.jpg,2025-10-03T03:00:47Z,,"Kopiere den aktuellen Link
Zur Merkliste hinzufügen
Früher waren sie zur Zucht in Pelzfarmen eingesperrt. Inzwischen breiten sich Nutrias in freier Wildbahn rasant aus. Laut Jagdverband ist das nic… [+3838 chars]",,de,'Hochwasser'
https://www.stern.de/gesellschaft/regional/hamburg-schleswig-holstein/invasive-nutrias--zahl-der-nager-reviere-zuletzt-verdoppelt---deiche-gefaehrdet-36102872.html,https://www.stern.de/gesellschaft/regional/hamburg-schleswig-holstein/invasive-nutrias--zahl-der-nager-reviere-zuletzt-verdoppelt---deiche-gefaehrdet-36102872.html,0,www.stern.de,Invasive Nutrias: Zahl der Nager-Reviere zuletzt verdoppelt – Deiche gefährdet,Einst eingesperrt zur Zucht in Pelzfarmen breiten sich Nutrias nun in freier Wildbahn rasant aus. Laut Jagdverband ist das speziell in Stadtstaaten dramatisch. Und gefährlich für den Hochwasserschutz.,https://image.stern.de/36102874/t/4G/v1/w1440/r1.7778/-/03--3xgdo64ujlv7axs2048jpeg---51f5e3dfe33cb490.jpg,2025-10-03T03:01:03Z,,"Kopiere den aktuellen Link
Zur Merkliste hinzufügen
Einst eingesperrt zur Zucht in Pelzfarmen breiten sich Nutrias nun in freier Wildbahn rasant aus. Laut Jagdverband ist das speziell in Stadtstaat… [+4266 chars]",,de,'Hochwasser'
https://www.zeit.de/news/2025-10/03/feiertag-laeutet-herbst-wochenende-mit-sturm-und-regen-ein,https://www.zeit.de/news/2025-10/03/feiertag-laeutet-herbst-wochenende-mit-sturm-und-regen-ein,0,www.zeit.de,Wetterbericht: Feiertag läutet Herbst-Wochenende mit Sturm und Regen ein,Hier finden Sie Informationen zu dem Thema „Wetterbericht“. Lesen Sie jetzt „Feiertag läutet Herbst-Wochenende mit Sturm und Regen ein“.,https://img.zeit.de/news/2025-10/03/feiertag-laeutet-herbst-wochenende-mit-sturm-und-regen-ein-image-group/wide__1300x731,2025-10-03T05:21:10Z,,"Wettermäßig startet das lange Wochenende mit dem Tag der Deutschen Einheit in Baden-Württemberg eher ruhig - doch wer Ausflüge plant, sollte flexibel bleiben. Denn laut Deutschem Wetterdienst (DWD) m… [+1735 chars]",,de,'Herbst'
https://www.welt.de/regionales/hamburg/article68df6bc735088eeb70a297c2/geschaedigte-deiche-die-nutria-invasion-und-ihre-gefaehrlichen-folgen.html,https://www.welt.de/regionales/hamburg/article68df6bc735088eeb70a297c2/geschaedigte-deiche-die-nutria-invasion-und-ihre-gefaehrlichen-folgen.html,0,www.welt.de,Die Nutria-Invasion und ihre gefährlichen Folgen,Einst eingesperrt zur Zucht in Pelzfarmen breiten sich Nutrias nun in freier Wildbahn rasant aus. Laut Jagdverband ist das speziell in Stadtstaaten dramatisch. Und immer gefährlicher für den Hochwasserschutz.,https://images.welt.de/68df6bc735088eeb70a297c2/f7fc0e9e0cf6f511870bb6b32d8bdcf5-master/ci16x9-w1200/nutria-auf-futtersuche,2025-10-03T06:49:03Z,,"Die Zahl der Nutrias ist vielerorts in Deutschland rasant gestiegen. Gerade in den Stadtstaaten Bremen und Hamburg haben wir extrem viele Meldungen von Fällen, da breiten sich viele Tiere aus, sagte … [+3673 chars]",,de,'Hochwasser'
https://www.zeit.de/news/2025-10/03/regen-und-sturm-beenden-goldenes-herbstwetter,https://www.zeit.de/news/2025-10/03/regen-und-sturm-beenden-goldenes-herbstwetter,0,www.zeit.de,Wetterbericht: Regen und Sturm beenden goldenes Herbstwetter,Hier finden Sie Informationen zu dem Thema „Wetterbericht“. Lesen Sie jetzt „Regen und Sturm beenden goldenes Herbstwetter“.,https://img.zeit.de/news/2025-10/03/regen-und-sturm-beenden-goldenes-herbstwetter-image-group/wide__1300x731,2025-10-03T07:50:54Z,,Das sonnig-trockene Herbstwetter in Nordrhein-Westfalen verabschiedet sich vorerst. Am langen Wochenende sorgen atlantische Tiefdruckgebiete von Westen für zunehmend regnerisches und teils stürmische… [+666 chars],,de,'Herbst'
https://www.zeit.de/news/2025-10/03/regen-und-gewitter-trueben-das-lange-wochenende-in-hessen,https://www.zeit.de/news/2025-10/03/regen-und-gewitter-trueben-das-lange-wochenende-in-hessen,0,www.zeit.de,Wetter: Regen und Gewitter trüben das lange Wochenende in Hessen,Hier finden Sie Informationen zu dem Thema „Wetter“. Lesen Sie jetzt „Regen und Gewitter trüben das lange Wochenende in Hessen“.,https://img.zeit.de/news/2025-10/03/regen-und-gewitter-trueben-das-lange-wochenende-in-hessen-image-group/wide__1300x731,2025-10-03T09:10:23Z,,Die Menschen in Hessen müssen sich zum verlängerten Wochenende auf einen Wetterwechsel gefasst machen. Der Feiertag startet laut Deutschem Wetterdienst noch heiter. Im Laufe des Tages ziehen dann jed… [+548 chars],,de,'Gewitter'
https://stadt-bremerhaven.de/apple-tv-die-schwestern-grimm-erster-trailer-zur-fantasy-abenteuerserie-ist-da/,https://stadt-bremerhaven.de/apple-tv-die-schwestern-grimm-erster-trailer-zur-fantasy-abenteuerserie-ist-da/,0,stadt-bremerhaven.de,Apple TV+ „Die Schwestern Grimm“: Trailer zur Fantasy-Abenteuerserie,"Apple hat neulich einen Trailer zur Fantasy-Abenteuerserie „Die Schwestern Grimm“ veröffentlicht. Die Serie basiert auf dem New-York-Times-Bestsellerreihe „Die Grimm Akten“ von Michael Buckley. Die englischen Stimmen sind unter anderem mit Ariel Winter, Leah …",https://stadt-bremerhaven.de/wp-content/uploads/2024/06/apple-tv__e7aqjl2rqzau_og.jpg,2025-10-03T10:40:08Z,,Apple hat neulich einen Trailer zur Fantasy-Abenteuerserie Die Schwestern Grimm veröffentlicht. Die Serie basiert auf dem New-York-Times-Bestsellerreihe Die Grimm Akten von Michael Buckley. Die engli… [+1412 chars],,de,'Winter'
https://www.diepresse.com/20158811/der-sommer-ist-tot-anna-und-die-grossmutter-basteln-wundersame,https://www.diepresse.com/20158811/der-sommer-ist-tot-anna-und-die-grossmutter-basteln-wundersame,0,www.diepresse.com,„Der Sommer ist tot“: Anna und die Großmutter basteln wundersame Kastanientiere [premium],"Anna möchte am liebsten nicht mehr weitergehen und vergessen, dass schon Herbst ist. Aber ihre Großmutter hat eine Idee. Eine wunderbare Oktober-Erzählung unserer Spectrum-Autorin Sophie Reyer.",https://img.diepresse.com/public/incoming/o8z60e-20171002_PD10819.HR.jpg/alternates/DPR_SOCIAL_MAGAZIN/20171002_PD10819.HR.jpg,2025-10-03T12:57:34Z,,"Mir gefallen die nicht! Anna schüttelt den Kopf und betrachtet die Kastanien, die in der Schüssel auf dem Küchentisch liegen. Das werden wir ja sehen, meint die Großmutter und lächelt. Vielleicht gef… [+7342 chars]",,de,'Herbst'
https://www.welt.de/vermischtes/article68dfd7e935088eeb70a2a002/unwetter-schwere-sturmflut-und-sturmboeen-an-der-nordseekueste-erwartet.html,https://www.welt.de/vermischtes/article68dfd7e935088eeb70a2a002/unwetter-schwere-sturmflut-und-sturmboeen-an-der-nordseekueste-erwartet.html,0,www.welt.de,Schwere Sturmflut und Sturmböen an der Nordseeküste erwartet,Das in den vergangenen Tagen ruhige Herbstwetter wird am Wochenende in Niedersachsen und Bremen durch Sturmböen durcheinandergewirbelt. Das hat auch Auswirkungen auf den Fährverkehr zu den Inseln.,https://images.welt.de/68dfd7e935088eeb70a2a002/ee61c9659bfa2a5b3e1957cf54b6110f-master/ci16x9-w1200/norderney,2025-10-03T14:33:04Z,,Stürmisches Wetter und eine Sturmflut sorgen in Niedersachsen und Bremen für ein ungemütliches Wochenende. An der Küste müssen Urlauber und Bewohner sogar mit möglichen Einschränkungen im Fährverkehr… [+1384 chars],,de,'Hochwasser'
https://www.zeit.de/news/2025-10/04/aelpler-blicken-auf-turbulenten-bergsommer-zurueck,https://www.zeit.de/news/2025-10/04/aelpler-blicken-auf-turbulenten-bergsommer-zurueck,0,www.zeit.de,Almwirtschaft: Älpler blicken auf turbulenten Bergsommer zurück,Hier finden Sie Informationen zu dem Thema „Almwirtschaft“. Lesen Sie jetzt „Älpler blicken auf turbulenten Bergsommer zurück“.,https://img.zeit.de/news/2025-10/04/aelpler-blicken-auf-turbulenten-bergsommer-zurueck-image-group/wide__1300x731,2025-10-04T02:30:12Z,,Die Hirten im Allgäu und in Oberbayern hatten in diesem Sommer mit einigen Widrigkeiten zu kämpfen. Neben Problemen mit der Wasserversorgung machten ihnen nervöse Herden und Hubschrauber-Übungen der … [+3259 chars],,de,'Schnee'
https://www.tagesschau.de/ausland/europa/ivan-klima-tod-100.html,https://www.tagesschau.de/ausland/europa/ivan-klima-tod-100.html,0,www.tagesschau.de,Tschechischer Schriftsteller Ivan Klima gestorben,"Der Schriftsteller Ivan Klima überlebte den Holocaust und wurde in der kommunistischen Tschechoslowakei erst für seine Werke gefeiert, dann wegen einer mutigen Rede verboten. Nun ist er mit 94 Jahren gestorben.",https://images.tagesschau.de/image/2e0f3fc6-4917-4302-ac65-475127a3b400/AAABma70Id0/AAABmKJZ-0g/16x9-big/ivan-klima-100.jpg?width=1280,2025-10-04T11:52:18Z,,"Stand: 04.10.2025 13:52 Uhr
Der Schriftsteller Ivan Klima überlebte den Holocaust und wurde in der kommunistischen Tschechoslowakei erst für seine Werke gefeiert, dann wegen einer mutigen Rede verbo… [+2168 chars]",,de,'Frühling'
https://www.teltarif.de/winterreifen-oktoberbisostern-ebay-gutscheincode/news/99956.html,https://www.teltarif.de/winterreifen-oktoberbisostern-ebay-gutscheincode/news/99956.html,0,www.teltarif.de,Oktober bis Ostern: ADAC-Winterreifen kaufen und sparen,Winterreifen zum Bestpreis - das gibt es dank Gutscheincode bei eBay. Wir haben die ADAC-Bestenlisten mit den Deals abgeglichen.,https://www.teltarif.de/img/arch/2025/kw40/winterreifen-oktoberbisostern-ebay-gutscheincode-2og.jpg,2025-10-04T12:38:00Z,,"Das Wetter zeigt sich derzeit von seiner kühl-nassen Seite, die Nächte werden länger, und vor dem Weg zur Arbeit glitzert der erste Reif auf den Auto­scheiben. Spätes­tens jetzt denken viele Auto­fah… [+4009 chars]",,de,'Schnee'
https://orf.at/stories/3407099/,https://orf.at/stories/3407099/,0,orf.at,Durchschnittsjahr mit Herausforderungen,"Von Ende September bis November wird hierzulande Erntedank gefeiert. Ein vielerorts gewählter Termin ist der erste Oktober-Sonntag, wenn die Herbsternte oftmals noch im Gange ist. Schon jetzt zeigt sich aber: Für Österreich dürfte – nach einem recht unerfreul…",https://ibs.orf.at/news?image=https%3A%2F%2Fassets.orf.at%2Fmims%2F2025%2F40%2F41%2Fcrops%2Fw%3D1200%2Ch%3D630%2Cq%3D75%2F2785462_master_1074341_landwirtschaft_erntebilanz_gy.jpg%3Fs%3Deeca5a17f1df80c377bbab9ce5d5c97703059d51,2025-10-04T20:06:19Z,,"Mais, Erdäpfel, Kürbis, Soja, Sonnenblumen und Zuckerrüben: All das werde derzeit noch geerntet, sagte Andreas Pfaller, Pflanzenexperte der Landwirtschaftskammer (LK), im Gespräch mit ORF.at. Die Frü… [+6010 chars]",,de,'Herbst'
https://www.welt.de/regionales/hamburg/article68e1833dc9fcb483178b7d54/bundesamt-warnt-norddeutschland-muss-sich-fuer-moegliche-schwere-sturmflut-am-sonntag-wappnen.html,https://www.welt.de/regionales/hamburg/article68e1833dc9fcb483178b7d54/bundesamt-warnt-norddeutschland-muss-sich-fuer-moegliche-schwere-sturmflut-am-sonntag-wappnen.html,0,www.welt.de,Norddeutschland muss sich für mögliche schwere Sturmflut am Sonntag wappnen,"Orkanböen, Fährausfälle, Hochwasser – der deutschen Nordseeküste droht am Sonntag eine Sturmflut. Erwartet werden Pegelstände von bis zu zwei Metern über dem mittleren Hochwasser. Welche Orte besonders betroffen sind.",https://images.welt.de/68e1833dc9fcb483178b7d54/3b8c63ca3076ca9a3913916aae319f2f-master/ci16x9-w1200/strandkoerbe-vor-erwarteter-sturmflut-gesichert,2025-10-04T20:33:31Z,,"Die deutsche Nordseeküste muss sich am Sonntag auf eine Sturmflut einstellen. Betroffen seien auch die Flüsse Elbe, Weser und Ems, teilte das Bundesamt für Seeschifffahrt und Hydrographie (BSH) mit. … [+1642 chars]",,de,'Hochwasser'
https://www.zeit.de/news/2025-10/05/laubblaeser-laermen-was-gilt-in-berlin-und-brandenburg,https://www.zeit.de/news/2025-10/05/laubblaeser-laermen-was-gilt-in-berlin-und-brandenburg,0,www.zeit.de,Umwelt: Laubbläser lärmen - Was gilt in Berlin und Brandenburg?,Hier finden Sie Informationen zu dem Thema „Umwelt“. Lesen Sie jetzt „Laubbläser lärmen - Was gilt in Berlin und Brandenburg?“.,https://img.zeit.de/news/2025-10/05/laubblaeser-laermen-was-gilt-in-berlin-und-brandenburg-image-group/wide__1300x731,2025-10-05T03:00:14Z,,"Um den nervigen Lärm von Laubbläsern gerade jetzt im Herbst einzudämmen, gelten in Zürich bald deutlich strengere Regeln aber wie ist die Lage in Berlin und Brandenburg? In beiden Ländern steht keine… [+2073 chars]",,de,'Herbst'
https://www.stern.de/gesellschaft/regional/thueringen/aepfel-und-birnen-erntereif--staedtische-obstbaeume--ernte-ohne-erlaubnis-meist-moeglich-36105598.html,https://www.stern.de/gesellschaft/regional/thueringen/aepfel-und-birnen-erntereif--staedtische-obstbaeume--ernte-ohne-erlaubnis-meist-moeglich-36105598.html,0,www.stern.de,Äpfel und Birnen erntereif: Städtische Obstbäume: Ernte ohne Erlaubnis meist möglich,"Ernte ohne schlechtes Gewissen: In vielen Thüringer Städten dürfen Äpfel, Birnen & Co. einfach gepflückt werden. Worauf man trotzdem achten sollte und wo es sogar ausdrücklich erwünscht ist.",https://image.stern.de/36105600/t/ao/v1/w1440/r1.7778/-/05--lgbm4ud73sv7axs2048jpeg---7f6adf21ad57daa1.jpg,2025-10-05T03:00:22Z,,"Kopiere den aktuellen Link
Zur Merkliste hinzufügen
Ernte ohne schlechtes Gewissen: In vielen Thüringer Städten dürfen Äpfel, Birnen &amp; Co. einfach gepflückt werden. Worauf man trotzdem achten s… [+4532 chars]",,de,'Ernte'
https://www.zeit.de/news/2025-10/05/staedtische-obstbaeume-ernte-ohne-erlaubnis-meist-moeglich,https://www.zeit.de/news/2025-10/05/staedtische-obstbaeume-ernte-ohne-erlaubnis-meist-moeglich,0,www.zeit.de,Äpfel und Birnen erntereif: Städtische Obstbäume: Ernte ohne Erlaubnis meist möglich,Hier finden Sie Informationen zu dem Thema „Äpfel und Birnen erntereif“. Lesen Sie jetzt „Städtische Obstbäume: Ernte ohne Erlaubnis meist möglich“.,https://img.zeit.de/news/2025-10/05/staedtische-obstbaeume-ernte-ohne-erlaubnis-meist-moeglich-image-group/wide__1300x731,2025-10-05T03:00:22Z,,"Eine ertragreiche Obstsaison geht ins Finale. Das lenkt den Blick auch auf die Äpfel- und Birnbäume an Straßen, auf Wiesen oder in Parks, die derzeit in voller Pracht stehen. In Thüringens Städten dü… [+4061 chars]",,de,'Ernte'
https://www.zeit.de/news/2025-10/05/wo-heute-gewitter-und-sturmboeen-drohen,https://www.zeit.de/news/2025-10/05/wo-heute-gewitter-und-sturmboeen-drohen,0,www.zeit.de,Wetterbericht: Wo heute Gewitter und Sturmböen drohen,Hier finden Sie Informationen zu dem Thema „Wetterbericht“. Lesen Sie jetzt „Wo heute Gewitter und Sturmböen drohen“.,https://img.zeit.de/news/2025-10/05/wo-heute-gewitter-und-sturmboeen-drohen-image-group/wide__1300x731,2025-10-05T05:40:07Z,,"Im Südwesten sind eine Jacke und ein Regenschirm heute keine schlechte Wahl - vor allem, wenn ein Ausflug ins Grüne geplant ist. Der Deutsche Wetterdienst (DWD) rechnet für Baden-Württemberg mit eine… [+1687 chars]",,de,'Gewitter'
https://www.zeit.de/news/2025-10/05/stuermische-nacht-in-bayern-herbstliches-wetter,https://www.zeit.de/news/2025-10/05/stuermische-nacht-in-bayern-herbstliches-wetter,0,www.zeit.de,Wetterausblick: Stürmische Nacht in Bayern – herbstliches Wetter,Hier finden Sie Informationen zu dem Thema „Wetterausblick“. Lesen Sie jetzt „Stürmische Nacht in Bayern – herbstliches Wetter“.,https://img.zeit.de/news/2025-10/05/stuermische-nacht-in-bayern-herbstliches-wetter-image-group/wide__1300x731,2025-10-05T06:27:25Z,,"Nach einer windigen und regnerischen Nacht sind die Einsatzkräfte in Bayern glimpflich davongekommen. «Das Wetter ist weitgehend schadlos an uns vorbeigegangen», sagte ein Polizeisprecher aus der Obe… [+1595 chars]",,de,'Herbst'
https://www.stern.de/gesellschaft/regional/bayern/wetterausblick--stuermische-nacht-in-bayern---herbstliches-wetter-36105736.html,https://www.stern.de/gesellschaft/regional/bayern/wetterausblick--stuermische-nacht-in-bayern---herbstliches-wetter-36105736.html,0,www.stern.de,Wetterausblick: Stürmische Nacht in Bayern – herbstliches Wetter,"Nach einer windigen Nacht in Bayern bleibt das Wetter herbstlich. Der Wetterdienst erwartet stürmische Böen, Regen und erste Schneeflocken. Wie das Wetter zum Wochenstart wird.",https://image.stern.de/36105738/t/by/v1/w1440/r1.7778/-/05--5pqd3pu2arv7axs2048jpeg---41f9bc69efee2acf.jpg,2025-10-05T06:27:25Z,,"Kopiere den aktuellen Link
Zur Merkliste hinzufügen
Nach einer windigen Nacht in Bayern bleibt das Wetter herbstlich. Der Wetterdienst erwartet stürmische Böen, Regen und erste Schneeflocken. Wie d… [+1787 chars]",,de,'Schnee'
https://www.stern.de/panorama/wetter--sturmtief-laesst-zum-wochenbeginn-nach---schnee-in-den-alpen-36106102.html,https://www.stern.de/panorama/wetter--sturmtief-laesst-zum-wochenbeginn-nach---schnee-in-den-alpen-36106102.html,0,www.stern.de,Wetter: Sturmtief lässt zum Wochenbeginn nach – Schnee in den Alpen,"Sturmtief ""Detlef"" lässt nach, doch Regen und Wind bleiben. Im Alpenraum fällt Schnee, während im Westen und Südwesten die Wolken langsam auflockern.",https://image.stern.de/36106104/t/K2/v1/w1440/r1.7778/-/05--u5tnrb2xtiv5axs2048jpeg---0b74fe23a53c5da2.jpg,2025-10-05T09:59:26Z,,"Kopiere den aktuellen Link
Zur Merkliste hinzufügen
Sturmtief ""Detlef"" lässt nach, doch Regen und Wind bleiben. Im Alpenraum fällt Schnee, während im Westen und Südwesten die Wolken langsam auflock… [+2067 chars]",,de,'Schnee'
https://www.zeit.de/news/2025-10/05/sturmtief-laesst-zum-wochenbeginn-nach-schnee-in-den-alpen,https://www.zeit.de/news/2025-10/05/sturmtief-laesst-zum-wochenbeginn-nach-schnee-in-den-alpen,0,www.zeit.de,Wetter: Sturmtief lässt zum Wochenbeginn nach – Schnee in den Alpen,Hier finden Sie Informationen zu dem Thema „Wetter“. Lesen Sie jetzt „Sturmtief lässt zum Wochenbeginn nach – Schnee in den Alpen“.,https://img.zeit.de/news/2025-10/05/sturmtief-laesst-zum-wochenbeginn-nach-schnee-in-den-alpen-image-group/wide__1300x731,2025-10-05T09:59:26Z,,Nach einem stürmischen Wochenende startet auch die neue Woche mit nasskaltem und stürmischem Herbstwetter. Am Sonntag zieht das Sturmtief Detlef laut dem Deutschen Wetterdienst (DWD) über Dänemark hi… [+1902 chars],,de,'Schnee'
https://www.tagesspiegel.de/gesellschaft/panorama/wetter-sturmtief-lasst-zum-wochenbeginn-nach--schnee-in-den-alpen-14473085.html,https://www.tagesspiegel.de/gesellschaft/panorama/wetter-sturmtief-lasst-zum-wochenbeginn-nach--schnee-in-den-alpen-14473085.html,0,www.tagesspiegel.de,Wetter: Sturmtief lässt zum Wochenbeginn nach – Schnee in den Alpen,"Sturmtief „Detlef“ lässt nach, doch Regen und Wind bleiben. Im Alpenraum fällt Schnee, während im Westen und Südwesten die Wolken langsam auflockern.",https://www.tagesspiegel.de/images/14473082/alternates/BASE_16_9_W1400/1759658438000/wetter-in-hamburg.jpeg,2025-10-05T10:00:38Z,,Nach einem stürmischen Wochenende startet auch die neue Woche mit nasskaltem und stürmischem Herbstwetter. Am Sonntag zieht das Sturmtief Detlef laut dem Deutschen Wetterdienst (DWD) über Dänemark hi… [+1954 chars],,de,'Schnee'
https://www.stern.de/gesellschaft/regional/bayern/wetterausblick--herbstwetter-mit-wolken-und-regen---schnee-in-hochlagen-36105736.html,https://www.stern.de/gesellschaft/regional/bayern/wetterausblick--herbstwetter-mit-wolken-und-regen---schnee-in-hochlagen-36105736.html,0,www.stern.de,Wetterausblick: Herbstwetter mit Wolken und Regen – Schnee in Hochlagen,"Wind, Regen, erste Schneeflocken: Wer in Bayern draußen unterwegs ist, sollte wetterfest sein – und auf den Straßen aufpassen. Was der Wetterdienst zur neuen Woche sagt.",https://image.stern.de/36106172/t/29/v1/w1440/r1.7778/-/05--xztfunycsnv4axs2048jpeg---10e67c437acf5712.jpg,2025-10-05T10:36:56Z,,"Kopiere den aktuellen Link
Zur Merkliste hinzufügen
Wind, Regen, erste Schneeflocken: Wer in Bayern draußen unterwegs ist, sollte wetterfest sein und auf den Straßen aufpassen. Was der Wetterdienst… [+2182 chars]",,de,'Schnee'
https://www.zeit.de/news/2025-10/05/sturm-stoppt-faehrverkehr-und-stoert-landeserntedankfest,https://www.zeit.de/news/2025-10/05/sturm-stoppt-faehrverkehr-und-stoert-landeserntedankfest,0,www.zeit.de,Wetter: Sturm stoppt Fährverkehr und stört Landeserntedankfest,Hier finden Sie Informationen zu dem Thema „Wetter“. Lesen Sie jetzt „Sturm stoppt Fährverkehr und stört Landeserntedankfest“.,https://img.zeit.de/news/2025-10/05/sturm-stoppt-faehrverkehr-und-stoert-landeserntedankfest-image-group/wide__1300x731,2025-10-05T10:37:31Z,,"Sturm und Regen haben am Wochenende in Mecklenburg-Vorpommern Fähren gestoppt und das Landeserntedankfest gestört. Das Bühnenprogramm in Wismar fing am Samstag mit mehreren Stunden Verspätung an, wie… [+744 chars]",,de,'Ernte'
https://www.stern.de/gesellschaft/regional/mecklenburg-vorpommern/wetter--sturm-stoppt-faehrverkehr-und-stoert-landeserntedankfest-36106174.html,https://www.stern.de/gesellschaft/regional/mecklenburg-vorpommern/wetter--sturm-stoppt-faehrverkehr-und-stoert-landeserntedankfest-36106174.html,0,www.stern.de,Wetter: Sturm stoppt Fährverkehr und stört Landeserntedankfest,Wegen stürmischer Böen hat Scandlines alle Fähren zwischen Rostock und Gedser gestoppt. Auch die Fähren nach Hiddensee haben den Verkehr eingestellt. Das Landeserntedankfest startete in Wismar später.,https://image.stern.de/36106176/t/e0/v1/w1440/r1.7778/-/05--g3wfiu7m5ev4axs2048jpeg---631b8f8dcf275e6d.jpg,2025-10-05T10:37:31Z,,"Kopiere den aktuellen Link
Zur Merkliste hinzufügen
Wegen stürmischer Böen hat Scandlines alle Fähren zwischen Rostock und Gedser gestoppt. Auch die Fähren nach Hiddensee haben den Verkehr eingeste… [+960 chars]",,de,'Ernte'
https://www.zeit.de/news/2025-10/05/erntedankfest-mit-guten-ertraegen,https://www.zeit.de/news/2025-10/05/erntedankfest-mit-guten-ertraegen,0,www.zeit.de,Landwirtschaft: Erntedankfest mit guten Erträgen,Hier finden Sie Informationen zu dem Thema „Landwirtschaft“. Lesen Sie jetzt „Erntedankfest mit guten Erträgen“.,https://img.zeit.de/news/2025-10/05/erntedankfest-mit-guten-ertraegen-image-group/wide__1300x731,2025-10-05T11:10:19Z,,"In zahlreichen Orten Thüringens haben die Menschen das Erntedankfest gefeiert. In geschmückten Kirchen fanden Gottesdienste, auf öffentlichen Plätzen Bauernmärkte mit regionalen Produkten statt. Poli… [+2039 chars]",,de,'Ernte'
https://www.stern.de/gesellschaft/regional/thueringen/landwirtschaft--erntedankfest-mit-guten-ertraegen-36106250.html,https://www.stern.de/gesellschaft/regional/thueringen/landwirtschaft--erntedankfest-mit-guten-ertraegen-36106250.html,0,www.stern.de,Landwirtschaft: Erntedankfest mit guten Erträgen,Die diesjährige Ernte fällt in Thüringen gut aus. Politiker fordern dennoch mehr Unterstützung für die Landwirtschaft. Dafür gibt es auch schon konkrete Ideen.,https://image.stern.de/36106252/t/v3/v1/w1440/r1.7778/-/05--ixdcsxt2vhv11axs2048jpeg---06c63ebdc170ee5c.jpg,2025-10-05T11:10:19Z,,"Kopiere den aktuellen Link
Zur Merkliste hinzufügen
Die diesjährige Ernte fällt in Thüringen gut aus. Politiker fordern dennoch mehr Unterstützung für die Landwirtschaft. Dafür gibt es auch schon k… [+2214 chars]",,de,'Ernte'
https://www.stern.de/wetter--sturm-laesst-nach--dann-kommen-regen-und-schnee-36106536.html,https://www.stern.de/wetter--sturm-laesst-nach--dann-kommen-regen-und-schnee-36106536.html,0,www.stern.de,Wetter in Deutschland: Nach dem Sturm kommen Regen und erster Schnee,Der Sturm über Norddeutschland verliert am Montag an Kraft. Danach erwarten Teile von Deutschland nasses Wetter – und in den Alpen sogar bis zu 20 Zentimeter Schnee.,https://image.stern.de/36106556/t/LB/v1/w1440/r1.7778/-/wetter-deutschland-sturm-nordsee.jpg,2025-10-05T14:09:00Z,,"Kopiere den aktuellen Link
Zur Merkliste hinzufügen
Der Sturm über Norddeutschland verliert am Montag an Kraft. Danach erwarten Teile von Deutschland nasses Wetter und in den Alpen sogar bis zu 20 … [+2036 chars]",,de,'Schnee'
https://www.stern.de/gesellschaft/regional/mecklenburg-vorpommern/landeserntedankfest--festumzug-und-erntekrone---stuermisches-landeserntedankfest-36106592.html,https://www.stern.de/gesellschaft/regional/mecklenburg-vorpommern/landeserntedankfest--festumzug-und-erntekrone---stuermisches-landeserntedankfest-36106592.html,0,www.stern.de,Landeserntedankfest: Festumzug und Erntekrone - Stürmisches Landeserntedankfest,MV hat ein fröhliches Landeserntedankfest gefeiert. Regen und stürmisches Wetter taten der Stimmung keinen Abbruch - obwohl das Festprogramm etwas durcheinandergewirbelt wurde.,https://image.stern.de/36106594/t/K9/v1/w1440/r1.7778/-/05--ywffbef6m4v7axs2048jpeg---a86c69079a389223.jpg,2025-10-05T14:11:32Z,,"Kopiere den aktuellen Link
Zur Merkliste hinzufügen
MV hat ein fröhliches Landeserntedankfest gefeiert. Regen und stürmisches Wetter taten der Stimmung keinen Abbruch - obwohl das Festprogramm etwa… [+1545 chars]",,de,'Ernte'
https://www.stern.de/gesellschaft/regional/niedersachsen-bremen/hochwasser-wegen-sturm--sturmtief--campingplatz-auf-norderney-unter-wasser-36106596.html,https://www.stern.de/gesellschaft/regional/niedersachsen-bremen/hochwasser-wegen-sturm--sturmtief--campingplatz-auf-norderney-unter-wasser-36106596.html,0,www.stern.de,Hochwasser wegen Sturm: Sturmtief: Campingplatz auf Norderney unter Wasser,"Norderney - Das Sturmtief, das über den Norden Deutschlands hinweggefegt ist, hat auf der ostfriesischen Insel Norderney für Schäden gesorgt. Neben",https://image.stern.de/36106598/t/aS/v1/w1440/r1.7778/-/05--27yjsqkzouv4axs2048jpeg---a751c255b5c2f0a0.jpg,2025-10-05T14:13:21Z,,"Kopiere den aktuellen Link
Zur Merkliste hinzufügen
Das Hochwasser überflutet die Wiese eines Campingplatzes auf der Insel Norderney. Wohnwagen und Vorzelte stehen im Wasser.
Das Sturmtief, das üb… [+979 chars]",,de,'Hochwasser'
https://noe.orf.at/stories/3324516/,https://noe.orf.at/stories/3324516/,0,noe.orf.at,Großprojekt gegen Hochwasser in Gmünd fertiggestellt,"Im Bezirk Gmünd ist am Samstag  eine Hochwasserschutzanlage eröffnet worden. Damit sollen etwa 160 Menschen, 50 Gebäude und wichtige Infrastruktur entlang der Lainsitz und des Braunaubachs geschützt werden. 12 Mio. Euro wurden von Bund, Land und Stadt investi…",https://ibs.orf.at/noe?image=https%3A%2F%2Foekastatic.orf.at%2Fmims%2F2025%2F41%2F05%2Fcrops%2Fw%3D1200%2Ch%3D627%2Cq%3D75%2F2789274_master_1075905_nn.jpg%3Fs%3Da28b171a8883d768da0005f89eb75cb17c51739c,2025-10-05T14:59:49Z,,"Die Hochwasserschutzanlage umfasse mehrere Maßnahmen entlang der Lainsitz und des Braunaubaches, heißt es in einer Aussendung. Großteils wurden Mauerlösungen ausgeführt, sie wurden abschnittsweise mi… [+1605 chars]",,de,'Hochwasser'
https://www.n-tv.de/panorama/Sturmtief-Detlef-wirbelt-Deutschland-durch-article26075348.html,https://www.n-tv.de/panorama/Sturmtief-Detlef-wirbelt-Deutschland-durch-article26075348.html,0,www.n-tv.de,"Zwei Menschen verletzt: Sturmtief ""Detlef"" wirbelt Deutschland durch","Zwar bleiben bundesweit größere Schäden aus, dennoch sorgen starker Wind und eine Sturmflut an der Nordseeküste für massive Einschränkungen. Mehrere Menschen kommen zu Schaden. Doch einige konnten der Witterung auch etwas Positives abgewinnen.",https://www.n-tv.de/img/incoming/crop26075346/9371326589-cImg_16_9-w1200/4060f36a1bdb130bb22ca7d51d5f2f2b.jpg,2025-10-05T15:10:05Z,,"Zwar bleiben bundesweit größere Schäden aus, dennoch sorgen starker Wind und eine Sturmflut an der Nordseeküste für massive Einschränkungen. Mehrere Menschen kommen zu Schaden. Doch einige konnten de… [+3832 chars]",,de,'Erle'
https://www.welt.de/vermischtes/article68e27ed3c9fcb483178b8682/sturmtief-detlef-fegt-ueber-deutschland-mehrere-verletzte-und-sturmflut-an-der-nordsee.html,https://www.welt.de/vermischtes/article68e27ed3c9fcb483178b8682/sturmtief-detlef-fegt-ueber-deutschland-mehrere-verletzte-und-sturmflut-an-der-nordsee.html,0,www.welt.de,„Detlef“ fegt über Deutschland – mehrere Verletzte und Sturmflut an der Nordsee,"Orkanböen, überflutete Küsten, umgestürzte Bäume: Das Sturmtief „Detlef“ hat weite Teile Europas getroffen. In Deutschland kam es zu mehreren Unfällen. Polizei, Feuerwehr und Rettungsdienste waren im Dauereinsatz – auch mit Rettungshubschraubern.",https://images.welt.de/68e27ed3c9fcb483178b8682/2e2addf3621550061f2f8ca9b105b1cf-master/ci16x9-w1200/sturmflut-an-der-nordsee,2025-10-05T15:35:28Z,,"Orkanböen, überflutete Küsten, umgestürzte Bäume: Das Sturmtief Detlef hat weite Teile Europas getroffen. In Deutschland kam es zu mehreren Unfällen. Polizei, Feuerwehr und Rettungsdienste waren im D… [+5181 chars]",,de,'Erle'
https://www.tagesschau.de/inland/gesellschaft/wetter-sturm-detlef-100.html,https://www.tagesschau.de/inland/gesellschaft/wetter-sturm-detlef-100.html,0,www.tagesschau.de,"Mehrere Schwerverletzte bei Sturmtief ""Detlef"" in Deutschland","Sturmflut in Hamburg, starke Böen auf dem Brocken, umgeknickte Bäume im Süden: ""Detlef"" hat am Wochenende seine Spuren hinterlassen. Mindestens drei Menschen wurden verletzt. Für den Montag ist eine Wetterbesserung vorhergesagt.",https://images.tagesschau.de/image/8a12d81c-fa85-4347-9064-aefddc69280a/AAABmbVRuWc/AAABmKJZ-0g/16x9-big/sturm-328.jpg?width=1280,2025-10-05T17:00:57Z,,"Stand: 05.10.2025 19:00 Uhr
Sturmflut in Hamburg, starke Böen auf dem Brocken, umgeknickte Bäume im Süden: ""Detlef"" hat am Wochenende seine Spuren hinterlassen. Mindestens drei Menschen wurden verle… [+3096 chars]",,de,'Erle'
https://www.bild.de/regional/hamburg/sirenen-fehlalarm-in-hamburg-68e2ca5f4683c7045eacfa12,https://www.bild.de/regional/hamburg/sirenen-fehlalarm-in-hamburg-68e2ca5f4683c7045eacfa12,0,www.bild.de,Aufregung zum „Tatort“-Finale - Fehlalarm! Sirenen schrecken Hamburg auf,Überall heulten Sirenen wegen Hochwasser. Polizei klärte Fehlalarm kurz nach 21.35 Uhr auf Twitter.,"https://images.bild.de/68e2ca5f4683c7045eacfa12/cf8e27c34b9f36dfbdf5b36cd82976be,ff51db8f?w=1280",2025-10-05T19:59:17Z,,"Hamburg Der ARD-Tatort steuerte aufs Finale zu, da schreckte Hamburg auf. Sirenen-Alarm in der Hanse-Stadt. Um 21.35 Uhr heulten die Sirenen nahezu flächendeckend in der Millionen-Metropole auf.
Bei… [+1116 chars]",,de,'Hochwasser'
https://www.faz.net/aktuell/feuilleton/medien-und-film/talkshow/caren-miosga-in-der-tv-kritik-wo-bleibt-der-ruck-herr-merz-accg-110718209.html,https://www.faz.net/aktuell/feuilleton/medien-und-film/talkshow/caren-miosga-in-der-tv-kritik-wo-bleibt-der-ruck-herr-merz-accg-110718209.html,0,www.faz.net,"TV-Kritik Miosga: Der Herbst, der Herbst, der Herbst ist da","„Wo bleibt der Ruck für Reformen, Herr Bundeskanzler?“, fragte Caren Miosga am Sonntagabend Friedrich Merz in ihrer Sendung. Und stellte die Behauptung auf, dass Pessimismus und Larmoyanz auch eine Folge seiner leeren Versprechen sein könnten.",https://media0.faz.net/ppmedia/w1200/aktuell/gesellschaft/697611080/1.10718214/facebook_teaser/bundeskanzler-friedrich-merz.jpg.webp,2025-10-06T01:49:55Z,,"Es gab in der Sendung von Caren Miosga, die am Sonntagabend den Bundeskanzler eingeladen hatte und sonst niemanden, ein Thema, bei dem die Moderatorin tatsächlich nicht lockerließ. Oder sich ganz off… [+8049 chars]",,de,'Herbst'
https://www.welt.de/vermischtes/article68e3421289973cba61e829f0/hochwasser-sturmtief-zieht-ab-jetzt-folgen-dauerregen-und-schnee.html,https://www.welt.de/vermischtes/article68e3421289973cba61e829f0/hochwasser-sturmtief-zieht-ab-jetzt-folgen-dauerregen-und-schnee.html,0,www.welt.de,Sturmtief zieht ab – Jetzt folgen Dauerregen und Schnee,"Stürmisches Wetter hat am Wochenende für Verkehrsbehinderungen und Fährausfälle gesorgt. Es gab Verletzte, in Hamburg wurde der Fischmarkt überflutet. Für die neue Woche prognostiziert der Wetterdienst neben Dauerregen in den Alpen auch Neuschnee.",https://images.welt.de/68e3421289973cba61e829f0/be41d097bd9354f5d3f430295a910f26-master/ci16x9-w1200/sturm-an-der-ostsee,2025-10-06T04:28:02Z,,"Stürmisches Wetter hat am Wochenende für Verkehrsbehinderungen und Fährausfälle gesorgt. Es gab Verletzte, in Hamburg wurde der Fischmarkt überflutet. Für die neue Woche prognostiziert der Wetterdien… [+4311 chars]",,de,'Schnee'
https://www.zeit.de/gesellschaft/2025-10/bergsteigen-mount-everest-schneesturm-rettung,https://www.zeit.de/gesellschaft/2025-10/bergsteigen-mount-everest-schneesturm-rettung,0,www.zeit.de,Bergsteigen: Bergungstrupps retten Hunderte Touristen vom Mount Everest,Am Mount Everest sind am Wochenende fast 1.000 Bergsteiger in einen Blizzard geraten. Etwa 350 Menschen wurden bislang aus dem Schneesturm gerettet.,https://img.zeit.de/gesellschaft/2025-10/mindestens-350-touristen-von-mount-everest-gerettet-bild/wide__1300x731,2025-10-06T05:14:55Z,,Nach einem Schneesturm auf der tibetischen Seite des Mount Everest sind mindestens 350 Menschen von Bergungstrupps gerettet worden. Die Menschen seien sicher in die nächstgelegene Ortschaft Qudang ge… [+1242 chars],,de,'Schnee'
https://www.zeit.de/news/2025-10/06/dauerregen-und-neuschnee-in-bayerns-alpen-erwartet,https://www.zeit.de/news/2025-10/06/dauerregen-und-neuschnee-in-bayerns-alpen-erwartet,0,www.zeit.de,Wetter: Dauerregen und Neuschnee in Bayerns Alpen erwartet,Hier finden Sie Informationen zu dem Thema „Wetter“. Lesen Sie jetzt „Dauerregen und Neuschnee in Bayerns Alpen erwartet“.,https://img.zeit.de/news/2025-10/06/dauerregen-und-neuschnee-in-bayerns-alpen-erwartet-image-group/wide__1300x731,2025-10-06T05:21:01Z,,"Nach dem stürmischen Wochenende sollten die Menschen im Freistaat am Wochenstart vor allem Regenschirme dabeihaben. Laut Deutschem Wetterdienst (DWD) wird es vom Mittag an vielerorts regnen, am östli… [+948 chars]",,de,'Schnee'
https://www.stern.de/news/blick-auf-den-fruehling-36107530.html,https://www.stern.de/news/blick-auf-den-fruehling-36107530.html,0,www.stern.de,Blick auf den Frühling,Bei der Fashion-Week in Paris bringt ein Model eine neue Kreation des Modehauses Chloe auf den Laufsteg.,https://image.stern.de/36107532/t/zf/v1/w1440/r1.7778/-/06--blick-auf-den-fruehling---b5b5ec867240be44.jpg,2025-10-06T06:55:58Z,,"Zugang zu stern+statt 11,96 
 nur 1  
<ul><li>Alles von stern+ mit erstklassigen Inhalten von GEO und Capital</li><li>4 Wochen testen, dann 2,99  je Woche</li><li>jederzeit kündbar</li></ul>",,de,'Frühling'
https://www.stern.de/panorama/weltgeschehen/mount-everest--eingeschlossene-bergsteiger-filmen-heftigen-schneesturm-36107570.html,https://www.stern.de/panorama/weltgeschehen/mount-everest--eingeschlossene-bergsteiger-filmen-heftigen-schneesturm-36107570.html,0,www.stern.de,Dramatische Rettung: Eingeschlossene Bergsteiger filmen Schneesturm auf Mount Everest,Heftiger Regen und Schnee treffen die Everest-Region. Fast 1000 Menschen sitzen auf 4900 Metern fest. Videos zeigen das extreme Wetter am höchsten Berg der Welt.,https://image.stern.de/36107978/t/ye/v2/w1440/r1.7778/-/bergsteiger.jpg,2025-10-06T11:20:00Z,,"Zugang zu stern+statt 11,96 
 nur 1  
<ul><li>Alles von stern+ mit erstklassigen Inhalten von GEO und Capital</li><li>4 Wochen testen, dann 2,99  je Woche</li><li>jederzeit kündbar</li></ul>",,de,'Schnee'
https://taz.de/Unerwarteter-Kaelteeinbruch-auf-dem-Mount-Everest-Hunderte-Wanderer-in-Lebensgefahr/!6115271/,https://taz.de/Unerwarteter-Kaelteeinbruch-auf-dem-Mount-Everest-Hunderte-Wanderer-in-Lebensgefahr/!6115271/,0,taz.de,Unwetter auf dem Mount Everest: Extremste Bedingungen,Auf der tibetischen Seite des Mount Everest sind Hunderte Wanderer in Lebensgefahr. Grund ist ein unerwarteter Schnee- und Kälteeinbruch.,https://taz.de/picture/7968838/1200/39414726.jpeg,2025-10-06T14:02:00Z,,Auf der tibetischen Seite des Mount Everest sind Hunderte Wanderer in Lebensgefahr. Grund ist ein unerwarteter Schnee- und Kälteeinbruch. mehr...,,de,'Schnee'
https://www.brigitte.de/leben/herbst-suchbild--nur-3---erkennen--welcher-baum-einzigartig-ist-14034836.html,https://www.brigitte.de/leben/herbst-suchbild--nur-3---erkennen--welcher-baum-einzigartig-ist-14034836.html,0,www.brigitte.de,"Herbst-Suchbild: Nur 3 % erkennen, welcher Baum einzigartig ist",Bemerkst du immer selbst die kleinsten Kleinigkeiten und hast wahre Adleraugen? Dann kannst du dein Können jetzt mit unserem Suchbild beweisen.,https://image.brigitte.de/14034838/t/9t/v2/w1440/r1.7778/-/herbstsuchbild-baum.jpg,2025-10-06T15:47:00Z,,"Bemerkst du immer selbst die kleinsten Kleinigkeiten und hast wahre Adleraugen? Dann kannst du dein Können jetzt mit unserem Suchbild beweisen.
Du siehst manchmal den Wald vor lauter Bäumen nicht? K… [+758 chars]",,de,'Herbst'
https://www.welt.de/vermischtes/weltgeschehen/article68e400c222e6e824fc75dd91/schneesturm-ueberrascht-hunderte-wanderer-am-mount-everest-ein-toter.html,https://www.welt.de/vermischtes/weltgeschehen/article68e400c222e6e824fc75dd91/schneesturm-ueberrascht-hunderte-wanderer-am-mount-everest-ein-toter.html,0,www.welt.de,"Schneesturm überrascht Wanderer am Mount Everest – ein Toter, Hunderte warten auf Rettung",Hunderte Wanderer sind auf der tibetischen Seite des Mount Everest von heftigem Schneefall überrascht und eingeschlossen worden. Rettungskräfte kämpfen in über 4900 Metern Höhe gegen Kälte und Schneemassen – während in einer anderen Region ein Wanderer stirbt.,https://images.welt.de/68e400c222e6e824fc75dd91/47d226957f46c5e0a49448585d1e52ba/ci16x9-w1200/kletterer-am-mount-everest-durch-schneefall-eingeschlossen,2025-10-06T19:16:31Z,,Hunderte Wanderer sind auf der tibetischen Seite des Mount Everest von heftigem Schneefall überrascht und eingeschlossen worden. Rettungskräfte kämpfen in über 4900 Metern Höhe gegen Kälte und Schnee… [+2637 chars],,de,'Schnee'
https://www.faz.net/aktuell/politik/ausland/protestwelle-in-marokko-generation-z-demonstriert-gegen-die-elite-110719047.html,https://www.faz.net/aktuell/politik/ausland/protestwelle-in-marokko-generation-z-demonstriert-gegen-die-elite-110719047.html,0,www.faz.net,"Protestwelle in Marokko: „Wir wollen Krankenhäuser, keine Stadien“",Junge Marokkaner gehen seit über einer Woche auf die Straße. Sie vereint der Wut auf die Elite. Es ist die größte Protestwelle seit dem Arabischen Frühling.,https://media0.faz.net/ppmedia/w1200/aktuell/3217702232/1.10719046/facebook_teaser/jung-und-wuetend-marokkaner.jpg.webp,2025-10-06T20:14:17Z,,"Die jungen Marokkaner haben genug. Schon zehn Tage dauern die größten Proteste der Generation Z an, die das nordafrikanische Land seit der Arabellion im Jahr 2011 erlebt. Sie haben das gesamte Königr… [+297 chars]",,de,'Frühling'
https://www.stern.de/gesellschaft/regional/bayern/vorhersage--herbstwetter-in-bayern---wolken--regen-und-ein-wenig-sonne-36110280.html,https://www.stern.de/gesellschaft/regional/bayern/vorhersage--herbstwetter-in-bayern---wolken--regen-und-ein-wenig-sonne-36110280.html,0,www.stern.de,"Vorhersage: Herbstwetter in Bayern - Wolken, Regen und ein wenig Sonne","Der Herbst bleibt vorerst grau: Im Hochgebirge fällt Schnee, im Südosten Regen. Wo es in den nächsten Tagen trocken bleibt und wann sich die Sonne zeigt.",https://image.stern.de/36110282/t/D1/v1/w1440/r1.7778/-/07--aqwvybyonuv4axs2048jpeg---a7cccd35ea1322a7.jpg,2025-10-07T04:26:05Z,,"Kopiere den aktuellen Link
Zur Merkliste hinzufügen
Der Herbst bleibt vorerst grau: Im Hochgebirge fällt Schnee, im Südosten Regen. Wo es in den nächsten Tagen trocken bleibt und wann sich die Sonn… [+1042 chars]",,de,'Herbst'
https://www.bild.de/leben-wissen/lifestyle/mehr-qualitaet-statt-masse-skigebiet-fuehrt-besucherlimit-ein-68e49e4189973cba61e83db1,https://www.bild.de/leben-wissen/lifestyle/mehr-qualitaet-statt-masse-skigebiet-fuehrt-besucherlimit-ein-68e49e4189973cba61e83db1,0,www.bild.de,Mehr Qualität statt Masse - Erstes Skigebiet führt Besucherlimit ein,Madonna di Campiglio führt ab Winter 2025/26 Kapazitätsgrenzen ein und begrenzt Skipässe auf 14.000 Stück an besonders stark frequentierten Tagen.,"https://images.bild.de/68e49e4189973cba61e83db1/3d46f74fce1876fa8b6f0f305a51a2eb,52976bdd?w=1280",2025-10-07T06:46:53Z,,"Um den TTS Player darzustellen, brauchen wir deine Zustimmung. 
 externen Inhalt aktivieren Um eingebettete Inhalte anzuzeigen, ist Ihre jederzeit widerrufliche Einwilligung (über den Schalter oder … [+1936 chars]",,de,'Winter'
https://www.stern.de/familie/tiere/hundemantel-fuer-den-winter--so-bleibt-ihr-vierbeiner-warm-und-gesund-36109188.html,https://www.stern.de/familie/tiere/hundemantel-fuer-den-winter--so-bleibt-ihr-vierbeiner-warm-und-gesund-36109188.html,0,www.stern.de,Kälteschutz: Hundemantel für den Winter: So kommt Ihr Vierbeiner durch die kalte Jahreszeit,"Ein Hundemantel schützt vor Kälte, Nässe und Wind – doch nicht jeder braucht ihn. Wann ein Mantel sinnvoll ist und welche Modelle besonders empfehlenswert...",https://image.stern.de/36109190/t/sF/v2/w1440/r1.7778/-/hundemantel-fuer-den-winter.jpg,2025-10-07T09:11:00Z,,"Kopiere den aktuellen Link
Zur Merkliste hinzufügen
Viele Hunde frieren im Winter, doch nicht jeder braucht gleich einen Mantel. Wann er sinnvoll ist und worauf man bei Auswahl und Passform achten … [+5818 chars]",,de,'Winter'
https://www.stern.de/familie/straeucher-schneiden--so-gelingt-der-rueckschnitt-garantiert-36110964.html,https://www.stern.de/familie/straeucher-schneiden--so-gelingt-der-rueckschnitt-garantiert-36110964.html,0,www.stern.de,Gartenpflege: Sträucher richtig schneiden – warum Timing und Präzision entscheidend sind,"Ob Ginster oder Schneeball: Wer Ziersträucher lieblos zurückschneidet, riskiert mindestens Blütenausfall. Wann, wie und womit man gängige Gartengehölze richtig schneidet.",https://image.stern.de/36111246/t/2Z/v3/w1440/r1.7778/-/straeucher-schneiden-aufmacher-oktober-2025.jpg,2025-10-07T09:17:00Z,,"Kopiere den aktuellen Link
Zur Merkliste hinzufügen
Ob Ginster oder Schneeball: Wer Ziersträucher lieblos zurückschneidet, riskiert mindestens Blütenausfall. Wann, wie und womit man gängige Garteng… [+6708 chars]",,de,'Schnee'
https://www.stern.de/news/wegen-hitzewelle-im-august--sehr-schlechte-weinernte-in-frankreich-erwartet-36111352.html,https://www.stern.de/news/wegen-hitzewelle-im-august--sehr-schlechte-weinernte-in-frankreich-erwartet-36111352.html,0,www.stern.de,Wegen Hitzewelle im August: Sehr schlechte Weinernte in Frankreich erwartet,"Die Weinernte in Frankreich dürfte ein weiteres Jahr in Folge sehr schlecht ausfallen. Das Landwirtschaftsministerium in Paris schätzt den diesjährigen Ertrag auf 36 Millionen Hektoliter, wie es am Dienstag mitteilte. Das wäre annähernd so viel wie im vergang…",https://image.stern.de/36111354/t/n-/v1/w1440/r1.7778/-/07--weinreben---2a6ae93fc5371460.jpg,2025-10-07T09:36:00Z,,"Kopiere den aktuellen Link
Zur Merkliste hinzufügen
Die Weinernte in Frankreich dürfte ein weiteres Jahr in Folge sehr schlecht ausfallen. Das Landwirtschaftsministerium in Paris schätzt den diesjä… [+1020 chars]",,de,'Ernte'
https://www.n-tv.de/panorama/Wanderer-sind-froh-dem-Mount-Everest-entronnen-zu-sein-article26079142.html,https://www.n-tv.de/panorama/Wanderer-sind-froh-dem-Mount-Everest-entronnen-zu-sein-article26079142.html,0,www.n-tv.de,"Schnee und eisiger Sturm: Wanderer sind froh, dem Mount Everest entronnen zu sein","Ein Wanderurlaub in der Mount Everest Region wird für Hunderte Wanderer zu einem Albtraum. Plötzlich setzt ein heftiger Schneesturm ein, sie sitzen auf der tibetischen Seite des Berges fest und selbst Retter können kaum etwas tun.",https://www.n-tv.de/img/incoming/crop26079159/5021326508-cImg_16_9-w1200/f3b76254aa6a1b8f082b9940e0ec57a6.jpg,2025-10-07T11:35:20Z,,"Ein Wanderurlaub in der Mount Everest Region wird für Hunderte Wanderer zu einem Albtraum. Plötzlich setzt ein heftiger Schneesturm ein, sie sitzen auf der tibetischen Seite des Berges fest und selbs… [+4841 chars]",,de,'Schnee'
https://www.bild.de/news/ueberlebender-spricht-ueber-lage-am-mount-everest-es-gab-keinen-notfallplan-68e5095dc9fcb483178ba8bc,https://www.bild.de/news/ueberlebender-spricht-ueber-lage-am-mount-everest-es-gab-keinen-notfallplan-68e5095dc9fcb483178ba8bc,0,www.bild.de,Überlebender beim Everest-Drama - „Es gab keinen Notfallplan!“,"Eric Wen kämpft sich durch meterhohen Schnee und gebrochene Zelte am Mount Everest, ohne Kontakt zur Außenwelt.","https://images.bild.de/68e5095dc9fcb483178ba8bc/cdc71de9ac8990d3b048f7c50b94b23f,95993939?w=1280",2025-10-07T14:51:04Z,,"Mehr zum Video anzeigen 
Trekker Eric Wen überlebt das Schnee-Chaos am Mount Everest ohne Notfallplan. Zelte brechen ein, Schnee meterhoch, kein Kontakt zur Außenwelt. Wen erzählt, wie er und andere… [+122 chars]",,de,'Schnee'
https://www.tagesschau.de/inland/koalitionsausschuss-buergergeld-autoindustrie-100.html,https://www.tagesschau.de/inland/koalitionsausschuss-buergergeld-autoindustrie-100.html,0,www.tagesschau.de,Was der Koalitionsausschuss heute beschließen könnte,"Bislang hat sich im ""Herbst der Reformen"" wenig bewegt. Die Erwartungen an den heutigen Koalitionsausschuss sind also groß. Kanzler Merz verspricht schnelle Beschlüsse beim Bürgergeld und zur Stärkung der Autoindustrie. Was wird diskutiert?",https://images.tagesschau.de/image/602603ad-1305-4d5b-9b01-6e59933863e2/AAABmb6bW4g/AAABmKJZ-0g/16x9-big/kabinett-284.jpg?width=1280,2025-10-08T08:21:12Z,,"Stand: 08.10.2025 10:21 Uhr
Bislang hat sich im ""Herbst der Reformen"" wenig bewegt. Die Erwartungen an den heutigen Koalitionsausschuss sind also groß. Kanzler Merz verspricht schnelle Beschlüsse be… [+7937 chars]",,de,'Herbst'
https://www.zeit.de/politik/deutschland/2025-10/beschluesse-koalitionsausschuss-sozialreform-aktivrente-spd-cdu,https://www.zeit.de/politik/deutschland/2025-10/beschluesse-koalitionsausschuss-sozialreform-aktivrente-spd-cdu,0,www.zeit.de,Beschlüsse Koalitionsausschuss: Herbst der Härte,"Die SPD erklärt Arbeit zur Gerechtigkeitsfrage, die Union bekommt ihre Sozialreform. Und Terminversäumer: bald nichts mehr. Der Bundeskanzler kann aufatmen.",https://img.zeit.de/politik/ausland/2025-10/beschluesse-koalitionsausschuss-sozialreform-aktivrente-spd-cdu-bild/wide__1300x731,2025-10-09T12:25:47Z,,"Womöglich ist es manchmal tatsächlich so leicht: Am Donnerstag vereinfacht die Regierung aus Union und SPD das deutsche Sozialsystem mit verblüffend eingängigen Botschaften. ""Das Thema Bürgergeld wir… [+334 chars]",,de,'Herbst'
https://www.diepresse.com/20187757/begegnungen-mit-dem-meister-der-apokalypse,https://www.diepresse.com/20187757/begegnungen-mit-dem-meister-der-apokalypse,0,www.diepresse.com,Begegnungen mit dem „Meister der Apokalypse“ [premium],"Die Schwedische Akademie hat sich in diesem Jahr für László Krasznahorkai entschieden. Der 71-Jährige mit dem „visionären Oeuvre“ ist für seine Endzeit-Texte bekannt. Über eine Begegnung, eine Woche vor der Verleihung.",https://img.diepresse.com/public/incoming/43mtzi-imago-62842948/alternates/DPR_SOCIAL_MAGAZIN/imago%2062842948,2025-10-09T15:34:39Z,,"Im Nachhinein könnte ich natürlich behaupten, ich hätte es gewusst oder eine Ahnung verspürt, als ich letzte Woche zur Lesung von László Krasznahorkai ins Wiener Literaturmuseum gefahren bin. Auf der… [+4120 chars]",,de,'Erle'
https://www.stern.de/lifestyle/mode/den-eleganten-retro-trend-jetzt-schon-tragen--die-runway-kombi--die-2026-alle-lieben-werden-36119192.html,https://www.stern.de/lifestyle/mode/den-eleganten-retro-trend-jetzt-schon-tragen--die-runway-kombi--die-2026-alle-lieben-werden-36119192.html,0,www.stern.de,"Den eleganten Retro-Trend jetzt schon tragen: Die Runway-Kombi, die 2026 alle lieben werden",Orange trifft auf Schokoladenbraun: Die Farbkombi wird 2026 eine große Rolle spielen. Doch der Trend lässt sich auch herbsttauglich stylen.,https://image.stern.de/36119196/t/q0/v1/w1440/r1.7778/-/09--die-runway-kombi--die-2026-alle-lieben-werden---16-9---spoton-article-1116279.jpg,2025-10-09T17:00:00Z,,"Kopiere den aktuellen Link
Zur Merkliste hinzufügen
Orange trifft auf Schokoladenbraun: Die Farbkombi wird 2026 eine große Rolle spielen. Doch der Trend lässt sich auch herbsttauglich stylen.
Ein … [+2752 chars]",,de,'Herbst'
https://www.faz.net/aktuell/finanzen/britische-lehman-insolvenz-endet-nach-17-jahren-110724427.html,https://www.faz.net/aktuell/finanzen/britische-lehman-insolvenz-endet-nach-17-jahren-110724427.html,0,www.faz.net,28 Milliarden Pfund: Britische Lehman-Insolvenz endet nach 17 Jahren,"Die Insolvenzmasse beträgt unglaubliche 28 Milliarden Pfund, die Gläubiger erhalten hohe Zinsen auf ihre Forderungen. Was absurd klingt: Finanziell hat sich die Lehman-Pleite für viele gelohnt.",https://media0.faz.net/ppmedia/w1200/aktuell/1245978990/1.10724452/facebook_teaser/ausverkauf-im.jpg.webp,2025-10-09T17:19:08Z,,"Am 15. September 2008 musste die US-Investmentbank Lehman Brothers Insolvenz anmelden. Das traditionsreiche Bankhaus, einst gegründet von deutschen Auswanderern, war unter einer Schuldenlast in dreis… [+3645 chars]",,de,'Laub'
https://www.faz.net/aktuell/gesellschaft/kriminalitaet/eiskeller-prozess-zweifel-an-zeugenaussage-im-mordfall-hanna-w-110724734.html,https://www.faz.net/aktuell/gesellschaft/kriminalitaet/eiskeller-prozess-zweifel-an-zeugenaussage-im-mordfall-hanna-w-110724734.html,0,www.faz.net,Eiskeller-Prozess: Gestand Sebastian T. den Mord einem Mithäftling?,"Im Prozess um den Tod der Studentin Hanna W. sagt am Donnerstag ein entscheidender Zeuge aus: Ein Mithälftling, dem der Ankgelagte den Mord gestanden haben soll. Aber ist er auch glaubwürdig? Daran gibt es Zweifel.",https://media1.faz.net/ppmedia/w1200/aktuell/gesellschaft/62520895/1.10725015/facebook_teaser/der-angeklagte-links-sitzt-zum.jpg.webp,2025-10-09T18:03:30Z,,"Der Zeuge ist den Tränen nahe. Die Stimme bricht fast, als er von dem großen Druck erzählt, dem er im Gefängnis ausgesetzt sei. Er bekomme Morddrohungen. Hätte er gewusst, was seine Aussagen für eine… [+8748 chars]",,de,'Laub'
https://www.macerkopf.de/2025/10/09/wow-preise-live-sport-alles/,https://www.macerkopf.de/2025/10/09/wow-preise-live-sport-alles/,0,www.macerkopf.de,WOW erhöht die Preise: Live-Sport und Alles-Paket werden deutlich teurer,"Solltet ihr aktuell darüber nachdenken, den Streaming-Dienst WOW zu abonnieren, so können wir euch nur dringend empfehlen, dies vor dem 13. Oktober tun. Nachdem bereits im Sommer die Preise erhöht wurden, gibt es ab dem genannten Stichtag eine weitere Preiser…",https://www.macerkopf.de/wp-content/uploads/2022/06/sky_ticket_wow.jpg,2025-10-09T18:33:29Z,,"Solltet ihr aktuell darüber nachdenken, den Streaming-Dienst WOW zu abonnieren, so können wir euch nur dringend empfehlen, dies vor dem 13. Oktober tun. Nachdem bereits im Sommer die Preise erhöht wu… [+1241 chars]",,de,'Sommer'
https://www.n-tv.de/sport/fussball/FIFA-Boss-Infantino-deutet-naechste-Winter-WM-an-article26086688.html,https://www.n-tv.de/sport/fussball/FIFA-Boss-Infantino-deutet-naechste-Winter-WM-an-article26086688.html,0,www.n-tv.de,Sogar mit Verspätung?: FIFA-Boss Infantino deutet nächste Winter-WM an,"2034 findet die WM in Saudi-Arabien statt - möglicherweise aber auch erst 2035. FIFA-Boss Gianni Infantino denkt offen darüber nach, etwas am Kalender herumzuwerkeln. Denn neben dem Wetter spielt bei der Terminplanung auch Religion eine Rolle.",https://www.n-tv.de/img/incoming/crop26086687/5351326769-cImg_16_9-w1200/551694962.jpg,2025-10-09T18:42:20Z,,"2034 findet die WM in Saudi-Arabien statt - möglicherweise aber auch erst 2035. FIFA-Boss Gianni Infantino denkt offen darüber nach, etwas am Kalender herumzuwerkeln. Denn neben dem Wetter spielt bei… [+1551 chars]",,de,'Sommer'
https://www.bild.de/regional/ruhrgebiet/gelsenkirchen-angriff-im-park-an-der-adenauerallee-68e8e1ecd212ab5081d5746d,https://www.bild.de/regional/ruhrgebiet/gelsenkirchen-angriff-im-park-an-der-adenauerallee-68e8e1ecd212ab5081d5746d,0,www.bild.de,Gelsenkirchen - Mann (23) wehrt Raubüberfall im Park ab,In Gelsenkirchen wurde ein Mann (23) bei einem versuchten Raub im Park an der Adenauerallee verletzt. Die Täter flüchteten ohne Beute.,"https://images.bild.de/68e8e1ecd212ab5081d5746d/e601f8b1c3e14dc38049f1094039b605,802410b5?w=1280",2025-10-10T10:38:48Z,,"Gelsenkirchen Ein 23-Jähriger wurde am Abend des 09.10.2025 gegen 22.30 Uhr in einem Park an der Adenauerallee in Erle von zwei Unbekannten angegriffen.
Die Täter versuchten, ihm seine Umhängetasche… [+648 chars]",,de,'Erle'
https://www.faz.net/aktuell/gesellschaft/ungluecke/eingeschneit-am-everest-ein-bergfuehrer-berichtet-110726365.html,https://www.faz.net/aktuell/gesellschaft/ungluecke/eingeschneit-am-everest-ein-bergfuehrer-berichtet-110726365.html,0,www.faz.net,Unerwarteter Schneesturm: Sie wollten auf dem Everest wandern – und flohen am Ende vor dem Tod,Hunderte eingeschneite Bergwanderer mussten vergangene Woche am Mount Everest gerettet werden. Auch der Bergführer Wu Ji war mit einer Gruppe unterwegs – und berichtet von dramatischen Szenen.,https://media0.faz.net/ppmedia/w1200/aktuell/3332326035/1.10726360/facebook_teaser/schneesturm-statt-blick-auf.jpg.webp,2025-10-10T14:13:39Z,,"Es war zwei Uhr nachts im Himalaja, und auf fünftausend Meter Höhe wurde der Schneefall immer heftiger. Die ersten Tage unserer Tour nieselte es, aber plötzlich hatte es einen ganzen Tag und die Nach… [+6049 chars]",,de,'Schnee'
https://www.zeit.de/news/2025-10/11/imker-bereiten-bienen-auf-winter-vor,https://www.zeit.de/news/2025-10/11/imker-bereiten-bienen-auf-winter-vor,0,www.zeit.de,Fleißige Insekten: Imker bereiten Bienen auf Winter vor,Hier finden Sie Informationen zu dem Thema „Fleißige Insekten“. Lesen Sie jetzt „Imker bereiten Bienen auf Winter vor“.,https://img.zeit.de/news/2025-10/11/imker-bereiten-bienen-auf-winter-vor-image-group/wide__1300x731,2025-10-11T02:26:06Z,,"Nach einer überdurchschnittlichen Honigernte in diesem Jahr bereiten die Imker ihre Bienen auf die kalte Jahreszeit vor. «Die Völker sollen möglichst stark und gut versorgt in den Winter gehen», erlä… [+1326 chars]",,de,'Winter'
https://www.zeit.de/news/2025-10/11/ruhiges-herbstwetter-unter-grauem-himmel,https://www.zeit.de/news/2025-10/11/ruhiges-herbstwetter-unter-grauem-himmel,0,www.zeit.de,Vorhersage: Ruhiges Herbstwetter unter grauem Himmel,Hier finden Sie Informationen zu dem Thema „Vorhersage“. Lesen Sie jetzt „Ruhiges Herbstwetter unter grauem Himmel“.,https://img.zeit.de/news/2025-10/11/ruhiges-herbstwetter-unter-grauem-himmel-image-group/wide__1300x731,2025-10-11T09:12:15Z,,"Nach dem verregneten Sommer bleibt auch der Herbst in Bayern vorerst eher grau und trüb. An diesem Wochenende gelangt am Rande eines Hochs über den britischen Inseln relativ milde Luft nach Bayern, w… [+461 chars]",,de,'Herbst'
https://www.sueddeutsche.de/sport/basketball-wnba-sabally-finale-li.3324637,https://www.sueddeutsche.de/sport/basketball-wnba-sabally-finale-li.3324637,0,www.sueddeutsche.de,WNBA-Finale: Las Vegas holt sich gegen Phoenix im vierten Spiel die Meisterschaft,"Ohne die verletzte Satou Sabally unterliegt ihr Team auch in Spiel vier den Las Vegas Aces. Überragende Spielerin beim neuen WNBA-Champion ist A'ja Wilson, die gleich mehrere Einzelauszeichnungen erhält.",https://www.sueddeutsche.de/2025/10/11/215e6339-d3a0-4547-95cf-e775da63613e.jpg?q=60&fm=webp&width=1200&rect=0%2C18%2C4000%2C2250,2025-10-11T12:04:14Z,,Bei den Aces überragte einmal mehr A'ja Wilson mit 31 Punkten. Die 29 Jahre alte Centerspielerin räumte neben ihrer dritten Meisterschaft auch zahlreiche individuelle Auszeichnungen der US-Profiliga … [+2239 chars],,de,'Herbst'
https://www.teltarif.de/dabplus-radio-digitalradio-nrw-berlin/news/100047.html,https://www.teltarif.de/dabplus-radio-digitalradio-nrw-berlin/news/100047.html,0,www.teltarif.de,Heißer Herbst: Viel Neues beim Digitalradio DAB+,In den letzten Wochen hat sich einiges im Digitalradio DAB+ getan. Wir fassen alle Neuheiten zusammen.,https://www.teltarif.de/img/arch/2025/kw41/dabplus-radio-digitalradio-nrw-berlin-1og.jpg,2025-10-11T13:15:00Z,,"In den letzten Wochen hat sich einiges Inter­essantes im Digi­talradio DAB+ getan. Es gibt Neuauf­schal­tungen, erwei­terte Sende­gebiete, Ausschrei­bungen, aber auch Abschal­tungen im digital-terres… [+4528 chars]",,de,'Herbst'
https://www.stern.de/gesellschaft/regional/thueringen/vogelbeobachtung--nabu--vogelzug-ist-in-thueringen-zu-beobachten-36123704.html,https://www.stern.de/gesellschaft/regional/thueringen/vogelbeobachtung--nabu--vogelzug-ist-in-thueringen-zu-beobachten-36123704.html,0,www.stern.de,Vogelbeobachtung: Nabu: Vogelzug ist in Thüringen zu beobachten,"Vereinzelt sind schon die Rufe der Kraniche zu hören, die in Thüringen an einigen Stellen Rast machen. Beobachtungen des herbstlichen Vogelzugs sind möglich.",https://image.stern.de/36123706/t/eu/v1/w1440/r1.7778/-/11--3whkhfnf5gv8axs2048jpeg---336fa7a9ee462c9b.jpg,2025-10-11T13:23:30Z,,"Kopiere den aktuellen Link
Zur Merkliste hinzufügen
Vereinzelt sind schon die Rufe der Kraniche zu hören, die in Thüringen an einigen Stellen Rast machen. Beobachtungen des herbstlichen Vogelzugs s… [+1178 chars]",,de,'Herbst'
https://www.tagesspiegel.de/kultur/der-tagesspiegel-serientest-welche-serie-durfen-sie-in-diesem-herbst-nicht-verpassen-14538407.html,https://www.tagesspiegel.de/kultur/der-tagesspiegel-serientest-welche-serie-durfen-sie-in-diesem-herbst-nicht-verpassen-14538407.html,0,www.tagesspiegel.de,Der Tagesspiegel-Serientest: Welche Serie dürfen Sie in diesem Herbst nicht verpassen?,"Das Sommerloch ist überstanden, auch beim Fernsehen und den Streamingdiensten. Doch mit welcher Serie nun in die Couch-Saison starten? Mit diesem Test finden Sie es heraus.",https://www.tagesspiegel.de/images/14538413/alternates/BASE_16_9_W1400/1760178596000/nobody-wants-this-netflix.jpeg,2025-10-11T13:42:11Z,,"Je ungemütlicher es draußen wird, desto lauter ruft das Sofa. Von dort aus gibt es ab sofort und in den kommenden Wochen alte Bekannte und neue Helden zu sehen, die Mediatheken füllen sich mit Kusche… [+346 chars]",,de,'Sommer'
https://www.stern.de/kultur/denim-trends--diese-jeans-sind-jetzt-angesagt-36123784.html,https://www.stern.de/kultur/denim-trends--diese-jeans-sind-jetzt-angesagt-36123784.html,0,www.stern.de,Denim-Trends: Diese Jeans sind jetzt angesagt,Von casual bis chic: Jeans machen im Herbst mit coolen Schnitten und frischen Farben auf sich aufmerksam. Diese Styles sind jetzt angesagt.,https://image.stern.de/36123788/t/kV/v1/w1440/r1.7778/-/11--diese-jeans-sind-jetzt-angesagt---16-9---spoton-article-1115237.jpg,2025-10-11T14:23:00Z,,"Kopiere den aktuellen Link
Zur Merkliste hinzufügen
Von casual bis chic: Jeans machen im Herbst mit coolen Schnitten und frischen Farben auf sich aufmerksam. Diese Styles sind jetzt angesagt.
Deni… [+1932 chars]",,de,'Herbst'
https://www.diepresse.com/20194416/orban-startet-unterschriftensammlung-gegen-angebliche-eu-kriegsplaene,https://www.diepresse.com/20194416/orban-startet-unterschriftensammlung-gegen-angebliche-eu-kriegsplaene,0,www.diepresse.com,Orbán startet Unterschriftensammlung gegen angebliche EU-„Kriegspläne“,Der Ungarische Premier schürt Ängste vor einem „heißem Herbst“. Die Aktion soll auch der Mobilisierung der Wählerschaft für die Parlamentswahlen 2026 dienen.,https://img.diepresse.com/public/incoming/z56e5r-HUNGARY-ORBANELECTION-MEASURES/alternates/DPR_SOCIAL_NACHRICHTEN/HUNGARY-ORBANELECTION-MEASURES,2025-10-11T14:42:53Z,,"Der Ungarische Premier schürt Ängste vor einem heißem Herbst. Die Aktion soll auch der Mobilisierung der Wählerschaft für die Parlamentswahlen 2026 dienen. 
Eine Unterschriftenkampagne gegen die Kri… [+1402 chars]",,de,'Herbst'
https://www.nzz.ch/schweiz/die-uhr-tickt-wie-die-befuerworter-die-eu-vertraege-noch-vor-den-naechsten-wahlen-unter-dach-und-fach-bringen-wollen-ld.1906127,https://www.nzz.ch/schweiz/die-uhr-tickt-wie-die-befuerworter-die-eu-vertraege-noch-vor-den-naechsten-wahlen-unter-dach-und-fach-bringen-wollen-ld.1906127,0,www.nzz.ch,Angst vor der SVP: Wie die Befürworter die EU-Verträge vor den nächsten Wahlen unter Dach und Fach bringen wollen,"Spätestens im Sommer 2027 soll das Volk über das Vertragspaket abstimmen. Ein sportlicher Zeitplan. Ein internes Dokument zeigt, wie es gelingen könnte.","https://img.nzz.ch/2025/10/10/b2500623-66b1-4c43-a039-e6f9f4bbc7d2.jpg?width=1200&height=674&fit=bounds&quality=75&auto=webp&crop=3000,1687,x0,y34&wmark=nzz",2025-10-11T19:45:00Z,,"Spätestens im Sommer 2027 soll das Volk über das Vertragspaket abstimmen. Ein sportlicher Zeitplan. Ein internes Dokument zeigt, wie es gelingen könnte.
Optimieren Sie Ihre Browsereinstellungen
NZZ… [+6899 chars]",,de,'Sommer'
https://www.n-tv.de/politik/Trump-hilft-der-Ukraine-mit-Geheimdaten-ueber-Ziele-in-Russland-article26090923.html,https://www.n-tv.de/politik/Trump-hilft-der-Ukraine-mit-Geheimdaten-ueber-Ziele-in-Russland-article26090923.html,0,www.n-tv.de,Austausch schon seit Monaten: Trump hilft der Ukraine mit Geheimdaten über Ziele in Russland,"Unterm Radar soll US-Präsident Trump die Ukraine schon seit dem Sommer mit geheimen Daten für Angriffe auf russische Infrastruktur versorgen lassen. Nur so seien die jüngsten erfolgreichen Angriffe möglich geworden, erklärten US-Beamte anonym. Man will Putin …",https://www.n-tv.de/img/incoming/crop26090937/1571322184-cImg_16_9-w1200/GettyImages-2230825629.jpg,2025-10-12T10:24:00Z,,Unterm Radar soll US-Präsident Trump die Ukraine schon seit dem Sommer mit geheimen Daten für Angriffe auf russische Infrastruktur versorgen lassen. Nur so seien die jüngsten erfolgreichen Angriffe m… [+3818 chars],,de,'Winter'
https://www.faz.net/aktuell/rhein-main/frankfurt/frankfurter-buchmesse-karin-schmidt-friderichs-gibt-boersenverein-leitung-ab-accg-110725219.html,https://www.faz.net/aktuell/rhein-main/frankfurt/frankfurter-buchmesse-karin-schmidt-friderichs-gibt-boersenverein-leitung-ab-accg-110725219.html,0,www.faz.net,Karin Schmidt-Friderichs: Von der Buchmesse ins Aufbaustudium,Zwei Amtszeiten hat sie als Vorsteherin des Börsenvereins des Deutschen Buchhandels in Brüssel und Berlin für Verleger und Buchhändler gesprochen. Nun übergibt Karin Schmidt-Friderichs nach der Frankfurter Buchmesse ihr Amt.,https://media0.faz.net/ppmedia/w1200/aktuell/3621980180/1.10725218/facebook_teaser/karin-schmidt-friderichs-im.jpg.webp,2025-10-12T11:17:42Z,,"Das perfekte Geschenk? Für Karin Schmidt-Friderichs ist es ein Buch: Es verwelkt nicht und macht nicht dick. Dass Besucher auf der Frankfurter Buchmesse, die am 14. Oktober eröffnet wird, erstmals an… [+6962 chars]",,de,'Winter'
https://www.bild.de/sport/fussball/fcn-abwehrboss-gruber-vize-kapitaen-ich-war-selbst-ueberrascht-68e67e9014154520ea137612,https://www.bild.de/sport/fussball/fcn-abwehrboss-gruber-vize-kapitaen-ich-war-selbst-ueberrascht-68e67e9014154520ea137612,0,www.bild.de,Nürnbergs Abwehrboss Gruber - Kapitän? „Da war ich selbst überrascht!“,Er kam erst im Winter von Drittligist SC Verl zum 1. FC Nürnberg. Doch jetzt ist Fabio Gruber (22) schon unumstrittener Führungsspieler und sogar...,"https://images.bild.de/68e67e9014154520ea137612/028942bc0b7cfc1d550b920737c0f365,d80dd781?w=1280",2025-10-12T12:40:00Z,,"Er kam erst im Winter von Drittligist SC Verl zum 1. FC Nürnberg. Doch jetzt ist Fabio Gruber (23) schon unumstrittener Führungsspieler und sogar Vizekapitän beim Club!
Mit BILD sprach Gruber nun üb… [+2662 chars]",,de,'Winter'
https://www.welt.de/iconist/service/article68eb94d574c7beddb54e5d5b/garten-im-herbst-die-schnittsaison-startet-wann-wie-wo-man-jetzt-zur-schere-greifen-sollte.html,https://www.welt.de/iconist/service/article68eb94d574c7beddb54e5d5b/garten-im-herbst-die-schnittsaison-startet-wann-wie-wo-man-jetzt-zur-schere-greifen-sollte.html,0,www.welt.de,Die Schnittsaison beginnt – so kommen Hecken und Sträucher in Form,"Blühende Hecken, gesunde Bäume, fröhliches Vogelgezwitscher – mit dem richtigen Schnitt gelingt der perfekte Garten. Doch nur, wer im Herbst die typischen Fehler vermeidet, sorgt für Wachstum im Frühling.",https://images.welt.de/68eb94d574c7beddb54e5d5b/44c090d92e7ed1e499cfc69f34f6e342/ci16x9-w1200/hedge-cutting-autumn-hedge-shears-garden-work-the-hedge-of-the-arborvitae-thuja-is-cut-with-hedge-shears,2025-10-12T12:53:25Z,,"Blühende Hecken, gesunde Bäume, fröhliches Vogelgezwitscher mit dem richtigen Schnitt gelingt der perfekte Garten. Doch nur, wer im Herbst die typischen Fehler vermeidet, sorgt für Wachstum im Frühli… [+5564 chars]",,de,'Frühling'
https://www.china-gadgets.de/smart-home-gadgets-schimmelvorbeugung-herbst/,https://www.china-gadgets.de/smart-home-gadgets-schimmelvorbeugung-herbst/,0,www.china-gadgets.de,Kalte Jahreszeit: Die günstigsten Smart-Home-Gadgets zur Schimmelvorbeugung,"Der feuchte Herbst ist da und mit ihm die Schimmelgefahr im Bad. Wir zeigen euch, wie ihr mit sehr günstigen Smart-Home-Gadgets für ca. 10€ und cleveren Automationen gegensteuert, Heizkosten spart und entspannt durch die kalte Jahreszeit kommt.
Der Beitrag Ka…",https://www.china-gadgets.de/app/uploads/2025/10/Herbst-Smart-Home-Gadgets-Badezimmer.webp,2025-10-12T13:00:50Z,,"Draußen wird es kälter, die Fenster bleiben öfter zu. Besonders im Bad wird das schnell zum Problem: Nach einer heißen Dusche verwandelt sich der Raum in ein Dampfbad. Idealerweise reißt man das Fens… [+5255 chars]",,de,'Winter'
https://www.bild.de/sport/mehr-sport/bei-bayerischem-sportpreis-emotionaler-dahlmeier-moment-unserer-biathlon-stars-68eaa8530bda2290ccea837e,https://www.bild.de/sport/mehr-sport/bei-bayerischem-sportpreis-emotionaler-dahlmeier-moment-unserer-biathlon-stars-68eaa8530bda2290ccea837e,0,www.bild.de,Bei Bayerischem Sportpreis - Emotionaler Dahlmeier-Moment unserer Biathlon-Stars,Sie wird diesen Winter wohl bei jedem Rennen in den Gedanken ihrer ehemaligen Teamkolleginnen mitrennen … Laura Dahlmeier (†31) wird...,"https://images.bild.de/68eaa8530bda2290ccea837e/d0b105b9b0ceaa4eeb0e007c17d50950-landscape,af50e82d?w=1280",2025-10-12T13:38:19Z,,"Sie wird diesen Winter wohl bei jedem Rennen in den Gedanken ihrer ehemaligen Teamkolleginnen mitrennen 
Laura Dahlmeier (31) wird dem Sport nach ihrem tragischen Bergunglück im Juli fehlen. Wie gro… [+1892 chars]",,de,'Winter'
https://www.zeit.de/news/2025-10/13/der-winter-kann-kommen-strassenmeistereien-sind-vorbereitet,https://www.zeit.de/news/2025-10/13/der-winter-kann-kommen-strassenmeistereien-sind-vorbereitet,0,www.zeit.de,Winter-Vorbereitungen: Der Winter kann kommen - Straßenmeistereien sind vorbereitet,Hier finden Sie Informationen zu dem Thema „Winter-Vorbereitungen“. Lesen Sie jetzt „Der Winter kann kommen - Straßenmeistereien sind vorbereitet“.,https://img.zeit.de/news/2025-10/13/der-winter-kann-kommen-strassenmeistereien-sind-vorbereitet-image-group/wide__1300x731,2025-10-13T04:00:05Z,,Noch denken vermutlich die wenigsten Menschen in Schleswig-Holstein an Schnee und Eisglätte. Doch die Straßenmeistereien im Land haben sich auf die kalte Jahreszeit schon vorbereitet. An diesem Monta… [+3663 chars],,de,'Winter'
https://www.zeit.de/news/2025-10/15/durchschnittliche-kuerbisernte-erwartet,https://www.zeit.de/news/2025-10/15/durchschnittliche-kuerbisernte-erwartet,0,www.zeit.de,Agrar: Durchschnittliche Kürbisernte erwartet,Hier finden Sie Informationen zu dem Thema „Agrar“. Lesen Sie jetzt „Durchschnittliche Kürbisernte erwartet“.,https://img.zeit.de/news/2025-10/15/durchschnittliche-kuerbisernte-erwartet-image-group/wide__1300x731,2025-10-15T02:00:55Z,,Ob als Suppe oder als Grusel-Deko für Halloween: Die Kürbissaison ist in vollem Gange. Die Ernte der dicken Früchte fällt in diesem Jahr in Nordrhein-Westfalen nach Angaben der Landwirtschaftskammer … [+1145 chars],,de,'Aussaat'
https://www.stern.de/gesellschaft/regional/nordrhein-westfalen/agrar--durchschnittliche-kuerbisernte-erwartet-36132012.html,https://www.stern.de/gesellschaft/regional/nordrhein-westfalen/agrar--durchschnittliche-kuerbisernte-erwartet-36132012.html,0,www.stern.de,Agrar: Durchschnittliche Kürbisernte erwartet,Köln/Münster (lnw) - Ob als Suppe oder als Grusel-Deko für Halloween: Die Kürbissaison ist in vollem Gange. Die Ernte der dicken Früchte fällt in diesem,https://image.stern.de/36132014/t/sF/v1/w1440/r1.7778/-/15--vserx5fzydv4axs2048jpeg---f74eabdd2c8cb158.jpg,2025-10-15T02:00:55Z,,"Kopiere den aktuellen Link
Zur Merkliste hinzufügen
Kürbissuppen, Kürbispyramiden, Kürbisgesichter: In diesen Tagen hat die dicke Herbstfrucht Hochsaison. Als beliebteste Sorte gilt der Hokkaido.
… [+1304 chars]",,de,'Ernte'
