,phrase,label,sentiment,subjectivity,language,count,gnd,geonames,geotype,latitude,longitude,continent,country,ipcc
Berlin,Berlin,LOC,0.21061286,0.04783259,de,111.50000000,4005728-8,2950157,X,52.50000000,13.41666900,EUROPE,Germany,WCE
Brandenburg,Brandenburg,LOC,0.15157895,0.07719298,de,95.00000000,4007955-7,2945356,X,52.50000000,13.50000000,EUROPE,Germany,WCE
Bayern,Bayern,LOC,-0.10795455,0.09564394,de,88.00000000,4005044-0,2951839,X,49.00000000,11.50000000,EUROPE,Germany,WCE
Deutschland,Deutschland,LOC,-0.01241942,0.04266212,de,87.90000000,4011882-4,2921044,X,51.50000000,10.50000000,EUROPE,Germany,WCE
Hessen,Hessen,LOC,-0.00644122,0.03086420,de,62.10000000,4024729-6,2905330,X,50.50000000,9.25000000,EUROPE,Germany,WCE
Glatteis,Glatteis,LOC,0.05979203,0.03466205,de,57.70000000,,-1,,,,,,
Deutschlands,Deutschlands,LOC,-0.18693222,0.05241090,de,47.70000000,,-1,,,,,,
Alpen,Alpen,LOC,0.00134719,0.19053118,de,43.30000000,,-1,,,,,,
Schnee,Schnee,LOC,-0.02389706,0.16544118,de,27.20000000,,-1,,,,,,
Mount Everest,Mount Everest,LOC,0.01250000,0.00000000,de,24.00000000,,-1,,,,,,
Sachsen,Sachsen,LOC,-0.20502092,0.04184100,de,23.90000000,4051176-5,2842566,X,51.00000000,13.25000000,EUROPE,Germany,WCE
Rheinland-Pfalz,Rheinland-Pfalz,LOC,-0.07510730,0.06437768,de,23.30000000,4049795-1,2847618,X,49.66667000,7.50000000,EUROPE,Germany,WCE
Thüringen,Thüringen,LOC,-0.10543478,0.00000000,de,23.00000000,4059979-6,2822542,X,50.91667000,11.00000000,EUROPE,Germany,WCE
Saarland,Saarland,LOC,-0.04687500,0.06696429,de,22.40000000,4076919-7,2842635,X,49.40471900,6.96082900,EUROPE,Germany,WCE
Erzgebirge,Erzgebirge,LOC,-0.10606061,0.07177033,de,20.90000000,,-1,,,,,,
Bayerns,Bayerns,LOC,0.08126036,0.13266998,de,20.10000000,,-1,,,,,,
Niedersachsen,Niedersachsen,LOC,0.01666667,0.16666667,de,20.00000000,4042226-4,2862926,X,52.00000000,10.00000000,EUROPE,Germany,WCE
Hamburg,Hamburg,LOC,-0.03517588,0.00000000,de,19.90000000,4023118-5,2911297,X,53.58332900,10.00000000,EUROPE,Germany,NEU
…,…,LOC,0.04358974,0.06837607,de,19.50000000,,-1,,,,,,
Offenbach,Offenbach,LOC,-0.31413613,0.10471204,de,19.10000000,,-1,,,,,,
NRW,NRW,LOC,0.02320076,0.00000000,de,17.60000000,,-1,,,,,,
Bergen,Bergen,LOC,-0.04545455,0.05681818,de,17.60000000,,-1,,,,,,
Baden-Württemberg,Baden-Württemberg,LOC,-0.13872549,0.17647059,de,17.00000000,4004176-1,2953481,X,48.50000000,9.00000000,EUROPE,Germany,WCE
Berlins,Berlins,LOC,0.13636364,0.00000000,de,15.40000000,,-1,,,,,,
Nordrhein-Westfalen,Nordrhein-Westfalen,LOC,-0.30365297,0.00000000,de,14.60000000,4042570-8,2861876,X,51.21894900,6.76339000,EUROPE,Germany,WCE
Sölden,Sölden,LOC,0.15384615,0.00000000,de,13.00000000,4208193-2,2764957,X,46.96667000,11.00000000,EUROPE,Austria,WCE
Sauerland,Sauerland,LOC,-0.05511811,0.00000000,de,12.70000000,,-1,,,,,,
Sachsen-Anhalt,Sachsen-Anhalt,LOC,-0.09243697,0.00000000,de,11.90000000,4051181-9,2842565,X,51.91667000,11.50000000,EUROPE,Germany,WCE
Sachsens,Sachsens,LOC,0.12844037,0.00000000,de,10.90000000,,-1,,,,,,
Harz,Harz,LOC,-0.02752294,0.00000000,de,10.90000000,,-1,,,,,,
Streusalz,Streusalz,LOC,0.02941176,0.19607843,de,10.20000000,,-1,,,,,,
Schleswig-Holstein,Schleswig-Holstein,LOC,-0.03465347,0.14851485,de,10.10000000,4052692-6,2838632,X,54.00000000,10.50000000,EUROPE,Germany,NEU
Schneetreiben,Schneetreiben,LOC,0.21000000,0.00000000,de,10.00000000,,-1,,,,,,
Wochenmitte,Wochenmitte,LOC,0.08500000,0.00000000,de,10.00000000,,-1,,,,,,
Céüze,Céüze,LOC,-0.16071429,0.28061224,de,9.80000000,,-1,,,,,,
Skigebiete,Skigebiete,LOC,0.27472527,0.00000000,de,9.10000000,,-1,,,,,,
Österreich,Österreich,LOC,0.50000000,0.23255814,de,8.60000000,4043271-3,2782113,X,47.33332900,13.33333000,EUROPE,Austria,WCE
Bremen,Bremen,LOC,0.24705882,0.00000000,de,8.50000000,4008135-7,2944387,X,53.08332900,8.83333000,EUROPE,Germany,NEU
Oberwiesenthal,Oberwiesenthal,LOC,-0.08433735,0.48192771,de,8.30000000,4043017-0,2882332,X,50.41942900,12.96836000,EUROPE,Czechia,WCE
München,München,LOC,0.08032129,0.04016064,de,8.30000000,4127793-4,2867714,X,48.13722200,11.57527700,EUROPE,Germany,WCE
Mittelgebirgen,Mittelgebirgen,LOC,0.00000000,0.00000000,de,8.20000000,,-1,,,,,,
Freistaat,Freistaat,LOC,0.08536585,0.00000000,de,8.20000000,,-1,,,,,,
Landes,Landes,LOC,-0.60526316,0.00000000,de,7.60000000,,-1,,,,,,
“,“,LOC,0.00000000,0.00000000,de,7.40000000,,-1,,,,,,
Warnungen,Warnungen,LOC,0.00000000,0.00000000,de,7.30000000,,-1,,,,,,
Ibiza,Ibiza,LOC,-0.04794521,0.43378995,de,7.30000000,,-1,,,,,,
Regen,Regen,LOC,-0.05714286,0.00000000,de,7.00000000,4048975-9,2849495,X,48.97166600,13.12805500,EUROPE,Germany,WCE
Italien,Italien,LOC,0.10447761,0.14925373,de,6.70000000,4027833-5,3175395,X,42.83332900,12.83333000,EUROPE-AFRICA,Italy,MED
Stadt,Stadt,LOC,-0.25781250,0.07812500,de,6.40000000,,-1,,,,,,
Wasserkuppe,Wasserkuppe,LOC,-0.14062500,0.07812500,de,6.40000000,,-1,,,,,,
Oberpfalz,Oberpfalz,LOC,0.06250000,0.00000000,de,6.40000000,,-1,,,,,,
Schneeregen,Schneeregen,LOC,0.00000000,0.00000000,de,6.40000000,,-1,,,,,,
Schneeschauer,Schneeschauer,LOC,0.15625000,0.00000000,de,6.40000000,,-1,,,,,,
Meteorologen,Meteorologen,LOC,-0.10937500,0.62500000,de,6.40000000,,-1,,,,,,
Unfälle,Unfälle,LOC,0.00000000,0.15625000,de,6.40000000,,-1,,,,,,
Schneesturm,Schneesturm,LOC,0.00000000,0.00000000,de,6.00000000,,-1,,,,,,
Ludwigsburg,Ludwigsburg,LOC,-0.23333333,0.00000000,de,6.00000000,4036469-0,2875392,X,48.89730900,9.19161000,EUROPE,Germany,WCE
Allgäu,Allgäu,LOC,0.00000000,0.00000000,de,5.60000000,,-1,,,,,,
Feldberg,Feldberg,LOC,-0.33035714,0.53571429,de,5.60000000,,-1,,,,,,
Wintereinbruch,Wintereinbruch,LOC,0.50909091,0.00000000,de,5.50000000,,-1,,,,,,
Rutschpartien,Rutschpartien,LOC,-0.60000000,0.18181818,de,5.50000000,,-1,,,,,,
Morgenstunden,Morgenstunden,LOC,0.00000000,0.00000000,de,5.50000000,,-1,,,,,,
Tag,Tag,LOC,-0.10000000,0.00000000,de,5.50000000,,-1,,,,,,
Mittelgebirge,Mittelgebirge,LOC,0.12727273,0.00000000,de,5.50000000,,-1,,,,,,
Niederbayern,Niederbayern,LOC,0.00909091,0.27272727,de,5.50000000,,-1,,,,,,
Schüssen,Schüssen,LOC,-0.14000000,0.00000000,de,5.00000000,,-1,,,,,,
Anmarsch,Anmarsch,LOC,0.00000000,0.00000000,de,4.80000000,,-1,,,,,,
lsw,lsw,LOC,0.13541667,0.00000000,de,4.80000000,,-1,,,,,,
China,China,LOC,0.72916667,0.00000000,de,4.80000000,4009937-4,1814991,X,35.00000000,105.00000000,ASIA,China,EAS
Temperaturen,Temperaturen,LOC,-0.24468085,0.21276596,de,4.70000000,,-1,,,,,,
Nebel,Nebel,LOC,-0.07446809,0.10638298,de,4.70000000,,-1,,,,,,
Stuttgart,Stuttgart,LOC,0.07608696,0.00000000,de,4.60000000,4058282-6,2825297,X,48.78222200,9.17694400,EUROPE,Germany,WCE
Tirol,Tirol,LOC,0.30434783,0.21739130,de,4.60000000,4060207-2,2763586,X,47.25000000,11.33333000,EUROPE,Austria,WCE
Flughafen München,Flughafen München,LOC,0.00000000,0.43478261,de,4.60000000,,-1,,,,,,
Mecklenburg-Vorpommern,Mecklenburg-Vorpommern,LOC,0.00000000,0.00000000,de,4.60000000,4242861-0,2872567,X,53.50000000,12.50000000,EUROPE,Germany,WCE
Oberharz,Oberharz,LOC,0.00000000,0.00000000,de,4.60000000,,-1,,,,,,
Nässe,Nässe,LOC,0.21739130,0.00000000,de,4.60000000,,-1,,,,,,
Glatteisgefahr,Glatteisgefahr,LOC,-0.15217391,0.00000000,de,4.60000000,,-1,,,,,,
USA,USA,LOC,0.07608696,0.10869565,de,4.60000000,4078704-7,6252001,X,39.75999900,-98.50000000,NORTH-AMERICA,United States,CNA
Erfurt,Erfurt,LOC,-0.30434783,0.00000000,de,4.60000000,4015240-6,2929670,X,50.97861100,11.03277700,EUROPE,Germany,WCE
Österreichs,Österreichs,LOC,0.22826087,0.32608696,de,4.60000000,,-1,,,,,,
Hessens,Hessens,LOC,-0.15217391,0.00000000,de,4.60000000,,-1,,,,,,
Willingen,Willingen,LOC,0.06521739,0.00000000,de,4.60000000,7611371-1,2862720,X,50.77270000,11.03674900,EUROPE,Germany,WCE
Frost,Frost,LOC,0.00000000,0.00000000,de,4.60000000,,-1,,,,,,
Straßenmeistereien,Straßenmeistereien,LOC,0.21739130,0.00000000,de,4.60000000,,-1,,,,,,
Sturmböen,Sturmböen,LOC,-0.24390244,0.00000000,de,4.10000000,,-1,,,,,,
Osthangs,Osthangs,LOC,0.00000000,0.00000000,de,4.00000000,,-1,,,,,,
Himalaya-Region,Himalaya-Region,LOC,0.00000000,0.00000000,de,4.00000000,,-1,,,,,,
Tibet,Tibet,LOC,-0.25000000,0.00000000,de,4.00000000,,-1,,,,,,
Kaltfront,Kaltfront,LOC,-0.08974359,0.12820513,de,3.90000000,,-1,,,,,,
Russland,Russland,LOC,-0.73076923,0.00000000,de,3.90000000,4076899-5,2017370,X,60.00000000,100.00000000,ASIA,Russia,ESB
Ukraine,Ukraine,LOC,-0.51282051,0.00000000,de,3.90000000,4061496-7,690791,X,49.00000000,32.00000000,EUROPE,Ukraine,WCE
Mitteldeutschland,Mitteldeutschland,LOC,0.25641026,0.51282051,de,3.90000000,,-1,,,,,,
Himalaya,Himalaya,LOC,0.52631579,0.00000000,de,3.80000000,,-1,,,,,,
Süddeutschland,Süddeutschland,LOC,0.18918919,0.09009009,de,3.70000000,,-1,,,,,,
Frankreich,Frankreich,LOC,-0.28378378,0.13513514,de,3.70000000,4018145-5,3017382,X,46.00000000,2.00000000,EUROPE,France,WCE
A7,A7,LOC,1.08108108,0.00000000,de,3.70000000,,-1,,,,,,
Lausitz,Lausitz,LOC,-0.18918919,0.00000000,de,3.70000000,,-1,,,,,,
lrs,lrs,LOC,-0.40540541,0.00000000,de,3.70000000,,-1,,,,,,
Sonne am Tag,Sonne am Tag,LOC,0.00000000,0.00000000,de,3.70000000,,-1,,,,,,
Verkehrsbehinderungen,Verkehrsbehinderungen,LOC,0.72972973,0.00000000,de,3.70000000,,-1,,,,,,
Hessens Bergen,Hessens Bergen,LOC,-0.13513514,0.13513514,de,3.70000000,,-1,,,,,,
Autobahn 93,Autobahn 93,LOC,0.00000000,0.00000000,de,3.70000000,,-1,,,,,,
Salzburg,Salzburg,LOC,0.56756757,0.00000000,de,3.70000000,4076982-3,2766824,X,47.79916600,13.04388800,EUROPE,Austria,WCE
Erbeskopf,Erbeskopf,LOC,0.00000000,0.00000000,de,3.70000000,,-1,,,,,,
Europa,Europa,LOC,1.08108108,0.00000000,de,3.70000000,4015701-5,6255148,X,48.69095900,9.14062000,EUROPE,Germany,WCE
Salzburger,Salzburger,LOC,0.09459459,0.40540541,de,3.70000000,,-1,,,,,,
Hessens Berge,Hessens Berge,LOC,0.00000000,0.81081081,de,3.70000000,,-1,,,,,,
A1,A1,LOC,-0.37837838,0.00000000,de,3.70000000,,-1,,,,,,
Schneeflocken,Schneeflocken,LOC,-0.56756757,0.00000000,de,3.70000000,,-1,,,,,,
Hochkönig,Hochkönig,LOC,0.00000000,0.33333333,de,3.00000000,,-1,,,,,,
Westchinas,Westchinas,LOC,-0.23333333,0.00000000,de,3.00000000,,-1,,,,,,
Olympiapark,Olympiapark,LOC,0.23333333,0.00000000,de,3.00000000,,-1,,,,,,
Razzia,Razzia,LOC,0.00000000,0.00000000,de,3.00000000,,-1,,,,,,
Spätherbst,Spätherbst,LOC,0.00000000,0.00000000,de,2.90000000,,-1,,,,,,
Alpenrand,Alpenrand,LOC,0.00000000,0.00000000,de,2.90000000,,-1,,,,,,
Hamburger S-Bahn,Hamburger S-Bahn,LOC,-0.25000000,0.00000000,de,2.80000000,,-1,,,,,,
Brandenburgs,Brandenburgs,LOC,0.75000000,0.00000000,de,2.80000000,,-1,,,,,,
Sprühregen,Sprühregen,LOC,-0.25000000,0.00000000,de,2.80000000,,-1,,,,,,
Schnees,Schnees,LOC,0.00000000,1.07142857,de,2.80000000,,-1,,,,,,
Schwäbischen Alb,Schwäbischen Alb,LOC,0.29464286,0.08928571,de,2.80000000,,-1,,,,,,
Schmitten,Schmitten,LOC,-0.42857143,0.17857143,de,2.80000000,,-1,,,,,,
Oberbayern,Oberbayern,LOC,0.12500000,0.17857143,de,2.80000000,,-1,,,,,,
Salzburger Land,Salzburger Land,LOC,0.33333333,0.00000000,de,2.80000000,4051423-7,2766823,X,47.41667000,13.25000000,EUROPE,Austria,WCE
Wintermodus,Wintermodus,LOC,-0.12500000,0.17857143,de,2.80000000,,-1,,,,,,
Hauser Kaibling,Hauser Kaibling,LOC,0.60714286,0.00000000,de,2.80000000,,-1,,,,,,
Haus,Haus,LOC,0.25000000,0.00000000,de,2.80000000,,-1,,,,,,
Glättegefahr,Glättegefahr,LOC,0.00000000,0.00000000,de,2.80000000,,-1,,,,,,
Innsbruck,Innsbruck,LOC,0.50000000,0.35714286,de,2.80000000,4027096-8,2775220,X,47.26250000,11.39444400,EUROPE,Austria,WCE
Emsland,Emsland,LOC,-0.25000000,0.00000000,de,2.80000000,,-1,,,,,,
Hochschwarzwald,Hochschwarzwald,LOC,0.25000000,0.00000000,de,2.80000000,,-1,,,,,,
Oberkärnten,Oberkärnten,LOC,0.00000000,0.71428571,de,2.80000000,,-1,,,,,,
Thüringer Wald,Thüringer Wald,LOC,0.50000000,0.00000000,de,2.80000000,,-1,,,,,,
Mittelhessen,Mittelhessen,LOC,-0.25000000,0.00000000,de,2.80000000,,-1,,,,,,
Winters,Winters,LOC,0.00000000,0.00000000,de,2.80000000,,-1,,,,,,
Brandenburgs Straßenmeistereien,Brandenburgs Straßenmeistereien,LOC,0.00000000,1.07142857,de,2.80000000,,-1,,,,,,
Potsdam,Potsdam,LOC,0.50000000,0.00000000,de,2.80000000,4046948-7,2852458,X,52.39885900,13.06565900,EUROPE,Germany,WCE
Florida,Florida,LOC,-0.35714286,0.00000000,de,2.80000000,4017585-6,4155751,X,28.75054000,-82.50010000,NORTH-AMERICA,United States,ENA
Land,Land,LOC,0.00000000,0.00000000,de,2.80000000,,-1,,,,,,
Dauereinsatz,Dauereinsatz,LOC,0.00000000,0.00000000,de,2.80000000,,-1,,,,,,
Pinzgau,Pinzgau,LOC,0.00000000,0.00000000,de,2.80000000,,-1,,,,,,
Arlberg,Arlberg,LOC,0.10714286,0.00000000,de,2.80000000,,-1,,,,,,
Formentera,Formentera,LOC,-0.12500000,0.29761905,de,2.80000000,,-1,,,,,,
Potsdamer Platz,Potsdamer Platz,LOC,0.25000000,0.00000000,de,2.80000000,,-1,,,,,,
lhe,lhe,LOC,0.00000000,0.35714286,de,2.80000000,,-1,,,,,,
Hochlagen,Hochlagen,LOC,0.00000000,0.00000000,de,2.80000000,,-1,,,,,,
Los Angeles,Los Angeles,LOC,0.00000000,0.00000000,de,2.80000000,,-1,,,,,,
Nepal,Nepal,LOC,-0.25000000,0.00000000,de,2.80000000,4041612-4,1282988,X,28.00000000,84.00000000,ASIA,Nepal,TIB
Oberösterreich,Oberösterreich,LOC,0.10714286,0.00000000,de,2.80000000,4075560-5,2769848,X,48.25000000,14.00000000,EUROPE,Austria,WCE
Baden-Württembergs,Baden-Württembergs,LOC,-0.25000000,0.00000000,de,2.80000000,,-1,,,,,,
Vorarlberger,Vorarlberger,LOC,0.00000000,0.00000000,de,2.80000000,,-1,,,,,,
Schwarzwald,Schwarzwald,LOC,0.00000000,0.71428571,de,2.80000000,,-1,,,,,,
Unfällen,Unfällen,LOC,-0.05357143,0.00000000,de,2.80000000,,-1,,,,,,
Wochenende,Wochenende,LOC,0.00000000,0.00000000,de,2.80000000,,-1,,,,,,
Pongau,Pongau,LOC,0.25000000,0.00000000,de,2.80000000,,-1,,,,,,
Bodennähe,Bodennähe,LOC,0.00000000,0.00000000,de,2.80000000,,-1,,,,,,
Maxhütte-Haidhof,Maxhütte-Haidhof,LOC,0.00000000,0.00000000,de,2.80000000,4038071-3,2872670,X,49.19962900,12.09229000,EUROPE,Germany,WCE
Landkreis Heidenheim,Landkreis Heidenheim,LOC,0.35714286,0.00000000,de,2.80000000,,-1,,,,,,
Hansestadt,Hansestadt,LOC,0.00000000,0.00000000,de,2.80000000,,-1,,,,,,
Flughafen,Flughafen,LOC,-0.53571429,0.53571429,de,2.80000000,,-1,,,,,,
Oder,Oder,LOC,0.00000000,0.00000000,de,2.80000000,,-1,,,,,,
Nordsee,Nordsee,LOC,-0.13043478,0.00000000,de,2.30000000,,-1,,,,,,
T…,T…,LOC,0.00000000,0.00000000,de,2.00000000,,-1,,,,,,
Kernelement,Kernelement,LOC,-1.00000000,0.00000000,de,2.00000000,,-1,,,,,,
Peking,Peking,LOC,0.00000000,0.00000000,de,2.00000000,4075971-4,1816670,X,39.90750000,116.39722200,ASIA,China,EAS
Mallnitz,Mallnitz,LOC,0.00000000,0.00000000,de,2.00000000,,-1,,,,,,
Schweiz,Schweiz,LOC,0.35000000,0.00000000,de,2.00000000,,-1,,,,,,
Schmutz,Schmutz,LOC,0.15000000,0.00000000,de,2.00000000,,-1,,,,,,
Rettung am Reinersberg,Rettung am Reinersberg,LOC,0.00000000,0.00000000,de,2.00000000,,-1,,,,,,
Niedersachsens,Niedersachsens,LOC,0.00000000,1.00000000,de,2.00000000,,-1,,,,,,
Chinas,Chinas,LOC,0.00000000,0.00000000,de,2.00000000,,-1,,,,,,
Bietigheim-Bissingen,Bietigheim-Bissingen,LOC,-0.35000000,0.00000000,de,2.00000000,4006554-6,2949012,X,48.94407000,9.11754900,EUROPE,Germany,WCE
Basislager,Basislager,LOC,-0.70000000,0.00000000,de,2.00000000,,-1,,,,,,
Gartenliebhaber,Gartenliebhaber,LOC,-1.00000000,0.00000000,de,2.00000000,,-1,,,,,,
Rettungsaktion,Rettungsaktion,LOC,1.00000000,0.00000000,de,2.00000000,,-1,,,,,,
Tür,Tür,LOC,0.35000000,0.00000000,de,2.00000000,,-1,,,,,,
Provinz Qinghai,Provinz Qinghai,LOC,0.00000000,0.00000000,de,2.00000000,,-1,,,,,,
Europas,Europas,LOC,0.00000000,0.00000000,de,2.00000000,,-1,,,,,,
Schnee-Drama,Schnee-Drama,LOC,0.00000000,0.00000000,de,2.00000000,,-1,,,,,,
Kanada,Kanada,LOC,0.44736842,0.00000000,de,1.90000000,4029456-0,6251999,X,60.10866900,-113.64257900,NORTH-AMERICA,Canada,NWN
Schneegriesel,Schneegriesel,LOC,0.00000000,0.00000000,de,1.90000000,,-1,,,,,,
milder,milder,LOC,-0.73684211,0.00000000,de,1.90000000,,-1,,,,,,
Tübingen,Tübingen,LOC,0.00000000,0.00000000,de,1.90000000,4061147-4,2820860,X,48.52266000,9.05222000,EUROPE,Germany,WCE
Startlöchern,Startlöchern,LOC,0.00000000,0.00000000,de,1.90000000,,-1,,,,,,
Dienstag,Dienstag,LOC,0.36842105,0.00000000,de,1.90000000,,-1,,,,,,
A93,A93,LOC,0.00000000,0.00000000,de,1.90000000,,-1,,,,,,
Weiße Weihnachten,Weiße Weihnachten,LOC,0.00000000,0.52631579,de,1.90000000,,-1,,,,,,
Sonntagnachmittag,Sonntagnachmittag,LOC,0.00000000,0.00000000,de,1.90000000,,-1,,,,,,
Buëch-Dévoluy,Buëch-Dévoluy,LOC,-0.73684211,0.00000000,de,1.90000000,,-1,,,,,,
Eisregen-Walze,Eisregen-Walze,LOC,0.00000000,0.00000000,de,1.90000000,,-1,,,,,,
Rekordkälte an der Ostküste,Rekordkälte an der Ostküste,LOC,0.00000000,0.00000000,de,1.90000000,,-1,,,,,,
Fahrbahn,Fahrbahn,LOC,0.73684211,0.00000000,de,1.90000000,,-1,,,,,,
d…,d…,LOC,0.00000000,0.00000000,de,1.90000000,,-1,,,,,,
Oberschwaben,Oberschwaben,LOC,-0.36842105,0.00000000,de,1.90000000,,-1,,,,,,
Ermäßigungen,Ermäßigungen,LOC,0.00000000,0.00000000,de,1.90000000,,-1,,,,,,
Oberlausitz,Oberlausitz,LOC,0.00000000,0.00000000,de,1.90000000,,-1,,,,,,
US-Bundesstaat Kalifornien,US-Bundesstaat Kalifornien,LOC,0.00000000,0.00000000,de,1.90000000,,-1,,,,,,
Hochhäderich,Hochhäderich,LOC,0.00000000,0.00000000,de,1.90000000,,-1,,,,,,
Verkehrsproblemen,Verkehrsproblemen,LOC,0.00000000,0.00000000,de,1.90000000,,-1,,,,,,
Mailand,Mailand,LOC,0.00000000,0.00000000,de,1.90000000,4037100-1,3173435,X,45.46426900,9.18951000,EUROPE,Italy,WCE
Kurzes Wintergastspiel,Kurzes Wintergastspiel,LOC,0.00000000,0.00000000,de,1.90000000,,-1,,,,,,
Sulzberg,Sulzberg,LOC,0.00000000,0.00000000,de,1.90000000,4118889-5,2824787,X,47.66033000,10.34990900,EUROPE,Germany,WCE
Feiertagen,Feiertagen,LOC,0.07894737,0.00000000,de,1.90000000,,-1,,,,,,
Bezirk Neunkirchen,Bezirk Neunkirchen,LOC,0.52631579,0.00000000,de,1.90000000,,-1,,,,,,
Semmering,Semmering,LOC,-0.36842105,0.00000000,de,1.90000000,4054504-0,2765170,X,47.63333300,15.83000000,EUROPE,Austria,WCE
bayerischen Alpen,bayerischen Alpen,LOC,0.36842105,0.00000000,de,1.90000000,,-1,,,,,,
feucht-kühl,feucht-kühl,LOC,0.00000000,0.00000000,de,1.90000000,,-1,,,,,,
Sony Center,Sony Center,LOC,0.36842105,0.00000000,de,1.90000000,,-1,,,,,,
Nordrhein-Westfalens,Nordrhein-Westfalens,LOC,-0.18421053,0.78947368,de,1.90000000,,-1,,,,,,
Komfort,Komfort,LOC,0.73684211,0.00000000,de,1.90000000,,-1,,,,,,
Ischgl,Ischgl,LOC,0.36842105,0.00000000,de,1.90000000,4261861-7,2775183,X,47.01256900,10.29179000,EUROPE,Austria,WCE
Zermatt,Zermatt,LOC,0.00000000,0.00000000,de,1.90000000,4108981-9,2657928,X,46.02000000,7.74861100,EUROPE,Switzerland,WCE
Schockstarre,Schockstarre,LOC,0.36842105,0.00000000,de,1.90000000,,-1,,,,,,
Kommunen,Kommunen,LOC,0.73684211,0.00000000,de,1.90000000,,-1,,,,,,
st…,st…,LOC,0.00000000,0.00000000,de,1.90000000,,-1,,,,,,
Winterwochenende,Winterwochenende,LOC,0.00000000,0.00000000,de,1.90000000,,-1,,,,,,
Befürchtetes Glättechaos,Befürchtetes Glättechaos,LOC,0.00000000,0.00000000,de,1.90000000,,-1,,,,,,
gefrierender Regen,gefrierender Regen,LOC,0.00000000,0.00000000,de,1.90000000,,-1,,,,,,
BVG,BVG,LOC,-0.89473684,0.00000000,de,1.90000000,,-1,,,,,,
Dauerfrost,Dauerfrost,LOC,0.00000000,0.00000000,de,1.90000000,,-1,,,,,,
Eiskratzer,Eiskratzer,LOC,-0.18421053,0.78947368,de,1.90000000,,-1,,,,,,
Wintersaison,Wintersaison,LOC,0.00000000,0.00000000,de,1.90000000,,-1,,,,,,
Tauernautobahn,Tauernautobahn,LOC,0.18421053,0.26315789,de,1.90000000,,-1,,,,,,
Rhein-Main-Liveblog,Rhein-Main-Liveblog,LOC,0.00000000,0.00000000,de,1.90000000,,-1,,,,,,
Bregenz,Bregenz,LOC,0.73684211,0.00000000,de,1.90000000,4008099-7,2781503,X,47.50310900,9.74709900,EUROPE,Austria,WCE
Klagenfurt,Klagenfurt,LOC,0.73684211,0.00000000,de,1.90000000,4030921-6,2774326,X,46.62472200,14.30527700,EUROPE,Austria,WCE
Glättechaos,Glättechaos,LOC,0.00000000,0.00000000,de,1.90000000,,-1,,,,,,
Graz,Graz,LOC,0.73684211,0.00000000,de,1.90000000,4021912-4,2778067,X,47.06666600,15.45000000,EUROPE,Austria,WCE
Kusel,Kusel,LOC,0.00000000,0.00000000,de,1.90000000,4033862-9,2882265,X,49.53772000,7.40472000,EUROPE,Germany,WCE
Kreis Kusel,Kreis Kusel,LOC,0.00000000,0.00000000,de,1.90000000,,-1,,,,,,
Alb,Alb,LOC,0.36842105,0.00000000,de,1.90000000,,-1,,,,,,
Rhein-Main,Rhein-Main,LOC,-0.52631579,0.00000000,de,1.90000000,,-1,,,,,,
Ski-Saison,Ski-Saison,LOC,-0.36842105,0.00000000,de,1.90000000,,-1,,,,,,
Hochrhein,Hochrhein,LOC,0.00000000,0.00000000,de,1.90000000,,-1,,,,,,
Weihnachtsfilmen,Weihnachtsfilmen,LOC,0.00000000,0.00000000,de,1.90000000,,-1,,,,,,
Minusgrade,Minusgrade,LOC,-0.36842105,0.00000000,de,1.90000000,,-1,,,,,,
Jahrzehnten,Jahrzehnten,LOC,0.36842105,0.52631579,de,1.90000000,,-1,,,,,,
lnw,lnw,LOC,-0.18421053,0.26315789,de,1.90000000,,-1,,,,,,
Wetter-Vorhersage,Wetter-Vorhersage,LOC,0.00000000,0.00000000,de,1.90000000,,-1,,,,,,
Thüringer Skigebieten,Thüringer Skigebieten,LOC,-0.36842105,0.00000000,de,1.90000000,,-1,,,,,,
Brandenburgs Winterdienst,Brandenburgs Winterdienst,LOC,0.36842105,0.52631579,de,1.90000000,,-1,,,,,,
Loser,Loser,LOC,0.36842105,0.00000000,de,1.90000000,,-1,,,,,,
Celsius,Celsius,LOC,0.00000000,0.00000000,de,1.90000000,,-1,,,,,,
Ranstadt,Ranstadt,LOC,-0.36842105,0.00000000,de,1.90000000,4048409-9,2850425,X,50.35000000,8.98333000,EUROPE,Germany,WCE
Markgräfler Land,Markgräfler Land,LOC,-0.36842105,0.00000000,de,1.90000000,,-1,,,,,,
Wien,Wien,LOC,0.52631579,0.00000000,de,1.90000000,4066009-6,2761367,X,48.20819900,16.37169000,EUROPE,Austria,WCE
Thüringer,Thüringer,LOC,0.36842105,0.00000000,de,1.90000000,,-1,,,,,,
Wintermontur,Wintermontur,LOC,0.00000000,1.05263158,de,1.90000000,,-1,,,,,,
Hessen Offenbach,Hessen Offenbach,LOC,-0.52631579,0.00000000,de,1.90000000,,-1,,,,,,
Donau,Donau,LOC,-0.36842105,0.00000000,de,1.90000000,,-1,,,,,,
Neckargemünd,Neckargemünd,LOC,1.05263158,0.00000000,de,1.90000000,4102409-6,2866774,X,49.38898900,8.79589900,EUROPE,Germany,WCE
Reich von Russlands,Reich von Russlands,LOC,0.28947368,0.00000000,de,1.90000000,,-1,,,,,,
Streumittel,Streumittel,LOC,0.36842105,0.00000000,de,1.90000000,,-1,,,,,,
Minusbereich,Minusbereich,LOC,0.00000000,0.00000000,de,1.90000000,,-1,,,,,,
Tiroler,Tiroler,LOC,0.00000000,0.00000000,de,1.90000000,,-1,,,,,,
Niederlausitz,Niederlausitz,LOC,0.00000000,0.00000000,de,1.90000000,4042205-7,2880011,X,51.51312900,13.34773900,EUROPE,Germany,WCE
Glatteises,Glatteises,LOC,0.00000000,1.05263158,de,1.90000000,,-1,,,,,,
Strahlende Wintersonne,Strahlende Wintersonne,LOC,0.89473684,0.00000000,de,1.90000000,,-1,,,,,,
Dresden,Dresden,LOC,0.00000000,0.00000000,de,1.90000000,4012995-0,2935022,X,51.05089000,13.73831900,EUROPE,Germany,WCE
Mittelfranken,Mittelfranken,LOC,-0.36842105,0.00000000,de,1.90000000,,-1,,,,,,
Lösungen,Lösungen,LOC,-0.52631579,0.00000000,de,1.90000000,,-1,,,,,,
Würzburg,Würzburg,LOC,-0.36842105,0.00000000,de,1.90000000,4067037-5,2805615,X,49.78777900,9.93610900,EUROPE,Germany,WCE
Fichtelberg,Fichtelberg,LOC,-0.36842105,0.00000000,de,1.90000000,,-1,,,,,,
Bayerischen Wald,Bayerischen Wald,LOC,0.00000000,0.00000000,de,1.90000000,,-1,,,,,,
Berchtesgadener Alpen,Berchtesgadener Alpen,LOC,0.00000000,0.00000000,de,1.90000000,,-1,,,,,,
Ostsee,Ostsee,LOC,0.00000000,0.00000000,de,1.90000000,,-1,,,,,,
Niederösterreich,Niederösterreich,LOC,0.00000000,0.00000000,de,1.90000000,4075391-8,2770542,X,48.33332900,15.75000000,EUROPE,Austria,WCE
Landeshälfte,Landeshälfte,LOC,0.00000000,0.00000000,de,1.90000000,,-1,,,,,,
Sturm,Sturm,LOC,0.00000000,0.00000000,de,1.90000000,,-1,,,,,,
Crans-Montana,Crans-Montana,LOC,-0.36842105,0.00000000,de,1.90000000,4275008-8,6559506,X,46.31305500,7.47888800,EUROPE,Switzerland,WCE
Streusalz-Alternativen,Streusalz-Alternativen,LOC,0.00000000,0.00000000,de,1.90000000,,-1,,,,,,
Schneechaos,Schneechaos,LOC,0.00000000,0.00000000,de,1.90000000,,-1,,,,,,
Schneefallgrenze,Schneefallgrenze,LOC,-0.52631579,0.00000000,de,1.90000000,,-1,,,,,,
Kärntner,Kärntner,LOC,0.00000000,0.00000000,de,1.90000000,,-1,,,,,,
Nordmeer,Nordmeer,LOC,-0.36842105,0.00000000,de,1.90000000,,-1,,,,,,
Hoch Sieglinde,Hoch Sieglinde,LOC,0.00000000,0.00000000,de,1.90000000,,-1,,,,,,
Südosteuropa,Südosteuropa,LOC,0.00000000,0.00000000,de,1.90000000,,-1,,,,,,
Berlin/Potsdam,Berlin/Potsdam,LOC,0.07894737,0.00000000,de,1.90000000,,-1,,,,,,
Dauerregen,Dauerregen,LOC,-0.18421053,0.26315789,de,1.90000000,,-1,,,,,,
sn,sn,LOC,-0.12280702,0.00000000,de,1.90000000,,-1,,,,,,
Panbari,Panbari,LOC,0.00000000,0.00000000,de,1.90000000,,-1,,,,,,
Potsdam/Berlin,Potsdam/Berlin,LOC,-0.36842105,0.00000000,de,1.90000000,,-1,,,,,,
Friedrich-Ebert-Anlage,Friedrich-Ebert-Anlage,LOC,0.00000000,0.00000000,de,1.30000000,,-1,,,,,,
Schulgesetz,Schulgesetz,LOC,0.00000000,2.30769231,de,1.30000000,,-1,,,,,,
Frankfurter Messe,Frankfurter Messe,LOC,0.00000000,0.00000000,de,1.30000000,,-1,,,,,,
Orkanartige Böen,Orkanartige Böen,LOC,-1.75000000,0.00000000,de,1.20000000,,-1,,,,,,
Donnerstag,Donnerstag,LOC,-0.37500000,0.00000000,de,1.20000000,,-1,,,,,,
Gelnhausen,Gelnhausen,LOC,-0.27777778,0.00000000,de,1.20000000,4019945-9,2921473,X,50.20163900,9.18741900,EUROPE,Germany,WCE
Frankfurt,Frankfurt,LOC,1.41666667,0.00000000,de,1.20000000,,-1,,,,,,
Herbststurm,Herbststurm,LOC,0.00000000,0.00000000,de,1.20000000,,-1,,,,,,
Regenschauer,Regenschauer,LOC,0.00000000,0.00000000,de,1.20000000,,-1,,,,,,
Uber Arena,Uber Arena,LOC,0.41666667,0.41666667,de,1.20000000,,-1,,,,,,
Friedrichshain,Friedrichshain,LOC,0.45454545,0.45454545,de,1.10000000,,-1,,,,,,
Freistaat Wind,Freistaat Wind,LOC,0.00000000,0.00000000,de,1.10000000,,-1,,,,,,
Saisonstart,Saisonstart,LOC,0.00000000,0.00000000,de,1.10000000,,-1,,,,,,
Fuldatal,Fuldatal,LOC,-0.30303030,0.00000000,de,1.10000000,4018865-6,2923815,X,51.38333000,9.56667000,EUROPE,Germany,WCE
Orkanböen,Orkanböen,LOC,-0.90909091,0.00000000,de,1.10000000,,-1,,,,,,
Oberrheingraben,Oberrheingraben,LOC,0.00000000,0.00000000,de,1.10000000,,-1,,,,,,
Rheinland,Rheinland,LOC,0.00000000,0.00000000,de,1.10000000,,-1,,,,,,
Kultfilms,Kultfilms,LOC,1.27272727,0.00000000,de,1.10000000,,-1,,,,,,
Ost-,Ost-,LOC,0.00000000,0.00000000,de,1.10000000,,-1,,,,,,
Mittelmeerraum,Mittelmeerraum,LOC,-1.81818182,0.00000000,de,1.10000000,,-1,,,,,,
Herbstferien,Herbstferien,LOC,0.63636364,0.00000000,de,1.10000000,,-1,,,,,,
Wilhelmshaven,Wilhelmshaven,LOC,-0.90909091,0.00000000,de,1.10000000,4066173-8,2808720,X,53.52998000,8.11252900,EUROPE,Germany,NEU
Gletscher,Gletscher,LOC,0.00000000,0.00000000,de,1.10000000,,-1,,,,,,
Nächtigungszahlen,Nächtigungszahlen,LOC,1.81818182,0.00000000,de,1.10000000,,-1,,,,,,
der Schweiz,der Schweiz,LOC,-1.81818182,0.00000000,de,1.10000000,,-1,,,,,,
Hochpreis-Image,Hochpreis-Image,LOC,0.00000000,0.00000000,de,1.10000000,,-1,,,,,,
Zermatter Bergbahnen,Zermatter Bergbahnen,LOC,0.00000000,0.00000000,de,1.10000000,,-1,,,,,,
Skireisen,Skireisen,LOC,0.00000000,0.00000000,de,1.10000000,,-1,,,,,,
Herr Ebel,Herr Ebel,LOC,-1.27272727,0.00000000,de,1.10000000,,-1,,,,,,
Wetterwoche,Wetterwoche,LOC,0.90909091,0.00000000,de,1.10000000,,-1,,,,,,
St. Anton,St. Anton,LOC,-0.31818182,1.36363636,de,1.10000000,,-1,,,,,,
Friaul,Friaul,LOC,0.70000000,0.00000000,de,1.00000000,,-1,,,,,,
Bezirk Liezen,Bezirk Liezen,LOC,0.00000000,0.00000000,de,1.00000000,,-1,,,,,,
Altaussee,Altaussee,LOC,0.00000000,0.00000000,de,1.00000000,4464879-0,2782724,X,47.63844000,13.76277900,EUROPE,Austria,WCE
Wasserhosen,Wasserhosen,LOC,0.00000000,0.00000000,de,1.00000000,,-1,,,,,,
Freitag los,Freitag los,LOC,0.00000000,0.00000000,de,1.00000000,,-1,,,,,,
Gailtal,Gailtal,LOC,0.70000000,0.00000000,de,1.00000000,,-1,,,,,,
Oberpfälzer Wald,Oberpfälzer Wald,LOC,0.00000000,0.00000000,de,1.00000000,,-1,,,,,,
Frankenwald,Frankenwald,LOC,0.00000000,0.00000000,de,1.00000000,,-1,,,,,,
Tornados,Tornados,LOC,0.00000000,0.00000000,de,1.00000000,,-1,,,,,,
Spiegelglatte,Spiegelglatte,LOC,-1.00000000,0.00000000,de,1.00000000,,-1,,,,,,
Lebensgefahr,Lebensgefahr,LOC,-0.70000000,0.00000000,de,1.00000000,,-1,,,,,,
Energieversorgers Gasag,Energieversorgers Gasag,LOC,0.00000000,1.00000000,de,1.00000000,,-1,,,,,,
Immobilieneigentümern,Immobilieneigentümern,LOC,0.00000000,0.00000000,de,1.00000000,,-1,,,,,,
Orthopäden,Orthopäden,LOC,-0.85000000,0.00000000,de,1.00000000,,-1,,,,,,
Rekordtempo,Rekordtempo,LOC,0.00000000,0.00000000,de,1.00000000,,-1,,,,,,
Unfallchirurgen,Unfallchirurgen,LOC,-0.85000000,0.00000000,de,1.00000000,,-1,,,,,,
Kärnten,Kärnten,LOC,0.70000000,0.00000000,de,1.00000000,4029175-3,2774686,X,46.75000000,13.83333000,EUROPE,Austria,WCE
Fünf-Minuten-Weg,Fünf-Minuten-Weg,LOC,0.00000000,0.00000000,de,1.00000000,,-1,,,,,,
Salzburgs,Salzburgs,LOC,0.70000000,0.00000000,de,1.00000000,,-1,,,,,,
Winterurlaub,Winterurlaub,LOC,0.70000000,0.00000000,de,1.00000000,,-1,,,,,,
Bischofshofen,Bischofshofen,LOC,0.00000000,0.00000000,de,1.00000000,4225515-6,2781735,X,47.41667000,13.21667000,EUROPE,Austria,WCE
Ostsachsen,Ostsachsen,LOC,0.00000000,0.00000000,de,1.00000000,,-1,,,,,,
Nervenkitzel,Nervenkitzel,LOC,0.00000000,0.00000000,de,1.00000000,,-1,,,,,,
Sonnenstrahlen,Sonnenstrahlen,LOC,0.00000000,0.00000000,de,1.00000000,,-1,,,,,,
anr…,anr…,LOC,0.00000000,0.00000000,de,1.00000000,,-1,,,,,,
Vorarlberg,Vorarlberg,LOC,0.00000000,0.00000000,de,1.00000000,4063944-7,2762300,X,47.25000000,9.91666900,EUROPE,Austria,WCE
Winterdienste,Winterdienste,LOC,0.00000000,0.00000000,de,1.00000000,,-1,,,,,,
Schneedeckenaufbau,Schneedeckenaufbau,LOC,0.70000000,0.00000000,de,1.00000000,,-1,,,,,,
Lawinenprobleme,Lawinenprobleme,LOC,0.70000000,0.00000000,de,1.00000000,,-1,,,,,,
Gefahrenstufen,Gefahrenstufen,LOC,0.70000000,0.00000000,de,1.00000000,,-1,,,,,,
Saalfelden,Saalfelden,LOC,0.00000000,0.00000000,de,1.00000000,,-1,,,,,,
B311,B311,LOC,0.00000000,0.00000000,de,1.00000000,,-1,,,,,,
Tourismusbranche heuer,Tourismusbranche heuer,LOC,0.70000000,0.00000000,de,1.00000000,,-1,,,,,,
Notstand,Notstand,LOC,0.00000000,0.00000000,de,1.00000000,,-1,,,,,,
Pinzgauer Straße,Pinzgauer Straße,LOC,0.00000000,0.00000000,de,1.00000000,,-1,,,,,,
Tennengau,Tennengau,LOC,0.00000000,0.00000000,de,1.00000000,,-1,,,,,,
Monaten,Monaten,LOC,0.70000000,0.00000000,de,1.00000000,,-1,,,,,,
Inzersdorf,Inzersdorf,LOC,0.00000000,0.00000000,de,1.00000000,4548505-7,2775204,X,48.15028000,16.34722000,EUROPE,Austria,WCE
Schneematsch,Schneematsch,LOC,0.00000000,0.00000000,de,1.00000000,,-1,,,,,,
Schneefahrbahn,Schneefahrbahn,LOC,0.00000000,0.00000000,de,1.00000000,,-1,,,,,,
Zugspitze,Zugspitze,LOC,0.00000000,0.00000000,de,1.00000000,,-1,,,,,,
Unfallstellen,Unfallstellen,LOC,0.00000000,0.00000000,de,1.00000000,,-1,,,,,,
bergen,bergen,LOC,0.00000000,0.00000000,de,1.00000000,,-1,,,,,,
Plöckenpass,Plöckenpass,LOC,0.70000000,0.00000000,de,1.00000000,,-1,,,,,,
MV,MV,LOC,0.00000000,0.00000000,de,1.00000000,,-1,,,,,,
Feldkirch,Feldkirch,LOC,-0.17500000,0.00000000,de,1.00000000,4016680-6,2779674,X,47.23306000,9.59999900,EUROPE,Austria,WCE
Nordtirol,Nordtirol,LOC,0.00000000,0.00000000,de,1.00000000,,-1,,,,,,
S5,S5,LOC,0.00000000,0.00000000,de,1.00000000,,-1,,,,,,
S2,S2,LOC,0.00000000,0.00000000,de,1.00000000,,-1,,,,,,
S1,S1,LOC,0.00000000,0.00000000,de,1.00000000,,-1,,,,,,
Winterwetters am Morgen,Winterwetters am Morgen,LOC,-0.70000000,0.00000000,de,1.00000000,,-1,,,,,,
Leica Galerie Düsseldorf,Leica Galerie Düsseldorf,LOC,0.00000000,0.00000000,de,1.00000000,,-1,,,,,,
gefrierenden Regen,gefrierenden Regen,LOC,0.00000000,0.00000000,de,1.00000000,,-1,,,,,,
Schnee“,Schnee“,LOC,0.00000000,0.00000000,de,1.00000000,,-1,,,,,,
Blitzeis,Blitzeis,LOC,0.70000000,0.00000000,de,1.00000000,,-1,,,,,,
Bundesgerichtshof,Bundesgerichtshof,LOC,0.00000000,0.00000000,de,1.00000000,,-1,,,,,,
Magdeburg/Halle,Magdeburg/Halle,LOC,-0.70000000,0.00000000,de,1.00000000,,-1,,,,,,
BGH,BGH,LOC,0.00000000,0.00000000,de,1.00000000,,-1,,,,,,
DeutschlandsGlatte,DeutschlandsGlatte,LOC,0.00000000,0.00000000,de,1.00000000,,-1,,,,,,
Straße,Straße,LOC,-0.17500000,0.00000000,de,1.00000000,,-1,,,,,,
Di…,Di…,LOC,-0.70000000,0.00000000,de,1.00000000,,-1,,,,,,
Jever,Jever,LOC,-0.70000000,0.00000000,de,1.00000000,4028611-3,2894897,X,53.57361100,7.89805500,EUROPE,Germany,NEU
Cuxhaven,Cuxhaven,LOC,-0.70000000,0.00000000,de,1.00000000,4010793-0,2939658,X,53.87176000,8.69087000,EUROPE,,NEU
Eisglätte,Eisglätte,LOC,0.50000000,0.00000000,de,1.00000000,,-1,,,,,,
Hannover,Hannover,LOC,1.00000000,0.00000000,de,1.00000000,4023349-2,2910831,X,52.37027700,9.73305500,EUROPE,Germany,WCE
Polizeidienststellen,Polizeidienststellen,LOC,0.00000000,0.00000000,de,1.00000000,,-1,,,,,,
Oleander,Oleander,LOC,0.70000000,0.00000000,de,1.00000000,,-1,,,,,,
Wetter-Mix,Wetter-Mix,LOC,0.00000000,0.00000000,de,1.00000000,,-1,,,,,,
Erde,Erde,LOC,0.00000000,0.00000000,de,1.00000000,,-1,,,,,,
Schottland,Schottland,LOC,0.00000000,0.00000000,de,1.00000000,4053233-1,2638360,X,56.00000000,-4.00000000,EUROPE,United Kingdom,NEU
Annaberg-Buchholz,Annaberg-Buchholz,LOC,-0.23333333,0.00000000,de,1.00000000,4085813-3,2956005,X,50.57944400,13.61110000,EUROPE,Czechia,WCE
Lichtblick,Lichtblick,LOC,0.00000000,0.00000000,de,1.00000000,,-1,,,,,,
lby,lby,LOC,0.00000000,0.00000000,de,1.00000000,,-1,,,,,,
Flughäfen,Flughäfen,LOC,0.00000000,0.00000000,de,1.00000000,,-1,,,,,,
Flughafen Münche…,Flughafen Münche…,LOC,0.00000000,0.00000000,de,1.00000000,,-1,,,,,,
Sicherheitsgründen,Sicherheitsgründen,LOC,0.00000000,0.00000000,de,1.00000000,,-1,,,,,,
Damüls,Damüls,LOC,0.00000000,0.00000000,de,1.00000000,,-1,,,,,,
Bad Laterns,Bad Laterns,LOC,0.00000000,0.00000000,de,1.00000000,,-1,,,,,,
Furkajoch,Furkajoch,LOC,0.00000000,0.00000000,de,1.00000000,,-1,,,,,,
Furkajochs,Furkajochs,LOC,0.00000000,0.00000000,de,1.00000000,,-1,,,,,,
tiefwinterlich,tiefwinterlich,LOC,0.00000000,0.00000000,de,1.00000000,,-1,,,,,,
Blechschäden,Blechschäden,LOC,0.00000000,0.00000000,de,1.00000000,,-1,,,,,,
Oberlausitzer Bergland,Oberlausitzer Bergland,LOC,0.00000000,0.00000000,de,1.00000000,,-1,,,,,,
Steuer,Steuer,LOC,0.17500000,0.00000000,de,1.00000000,,-1,,,,,,
Regensburg,Regensburg,LOC,0.00000000,0.00000000,de,1.00000000,4048989-9,2849483,X,49.01500000,12.09556000,EUROPE,Germany,WCE
Stürzens</li><li,Stürzens</li><li,LOC,0.70000000,0.00000000,de,1.00000000,,-1,,,,,,
Folge</li><li,Folge</li><li,LOC,0.70000000,0.00000000,de,1.00000000,,-1,,,,,,
Ha…,Ha…,LOC,0.00000000,0.00000000,de,1.00000000,,-1,,,,,,
Mecklenburg-Vorpommerns,Mecklenburg-Vorpommerns,LOC,0.00000000,0.00000000,de,1.00000000,,-1,,,,,,
Eibenstock,Eibenstock,LOC,0.00000000,0.00000000,de,1.00000000,4235508-4,2932738,X,50.49430900,12.59978000,EUROPE,Germany,WCE
Eisregen,Eisregen,LOC,-0.35000000,0.50000000,de,1.00000000,,-1,,,,,,
Norddeutschland,Norddeutschland,LOC,-1.00000000,0.00000000,de,1.00000000,,-1,,,,,,
Baden-Württemberg te,Baden-Württemberg te,LOC,0.00000000,0.00000000,de,1.00000000,,-1,,,,,,
Gehwegen,Gehwegen,LOC,0.70000000,0.00000000,de,1.00000000,,-1,,,,,,
A3,A3,LOC,0.00000000,0.00000000,de,1.00000000,,-1,,,,,,
Oldenburg/Bremen,Oldenburg/Bremen,LOC,0.70000000,0.00000000,de,1.00000000,,-1,,,,,,
Oberpfalz sta,Oberpfalz sta,LOC,0.00000000,0.00000000,de,1.00000000,,-1,,,,,,
Gefährliche Glätte,Gefährliche Glätte,LOC,-0.50000000,0.50000000,de,1.00000000,,-1,,,,,,
Kältestes Weihnachten,Kältestes Weihnachten,LOC,0.00000000,1.00000000,de,1.00000000,,-1,,,,,,
Couch,Couch,LOC,0.00000000,0.00000000,de,1.00000000,,-1,,,,,,
Thüringer Bergland,Thüringer Bergland,LOC,0.00000000,0.00000000,de,1.00000000,,-1,,,,,,
Cortina d’Ampezzo,Cortina d’Ampezzo,LOC,0.00000000,0.00000000,de,1.00000000,,-1,,,,,,
Rettungsdienste,Rettungsdienste,LOC,0.00000000,0.00000000,de,1.00000000,,-1,,,,,,
Qudang,Qudang,LOC,1.40000000,0.00000000,de,1.00000000,,-1,,,,,,
Berchtesgaden,Berchtesgaden,LOC,0.00000000,0.00000000,de,1.00000000,4005574-7,2950881,X,47.63235900,13.00186000,EUROPE,Germany,WCE
China-Route,China-Route,LOC,-0.70000000,0.00000000,de,1.00000000,,-1,,,,,,
Arktis,Arktis,LOC,-0.70000000,0.00000000,de,1.00000000,,-1,,,,,,
Schnee-Kanonen,Schnee-Kanonen,LOC,0.00000000,0.00000000,de,1.00000000,,-1,,,,,,
Skitest,Skitest,LOC,0.00000000,0.00000000,de,1.00000000,,-1,,,,,,
Monte Bondone,Monte Bondone,LOC,0.00000000,0.00000000,de,1.00000000,,-1,,,,,,
Trient,Trient,LOC,0.00000000,0.00000000,de,1.00000000,4078405-8,3165243,X,46.06777700,11.12083300,EUROPE,Italy,WCE
zunichtegemacht,zunichtegemacht,LOC,1.00000000,0.00000000,de,1.00000000,,-1,,,,,,
Nieselregen,Nieselregen,LOC,1.00000000,0.00000000,de,1.00000000,,-1,,,,,,
Täle…,Täle…,LOC,0.00000000,1.00000000,de,1.00000000,,-1,,,,,,
Salzburger Landes,Salzburger Landes,LOC,0.00000000,0.00000000,de,1.00000000,,-1,,,,,,
Gespräche,Gespräche,LOC,-0.85000000,0.00000000,de,1.00000000,,-1,,,,,,
Arlberg-Schnellstraße,Arlberg-Schnellstraße,LOC,0.00000000,1.00000000,de,1.00000000,,-1,,,,,,
Ausrüstungen,Ausrüstungen,LOC,0.70000000,0.00000000,de,1.00000000,,-1,,,,,,
Wintersporthandel,Wintersporthandel,LOC,0.70000000,0.00000000,de,1.00000000,,-1,,,,,,
Planai,Planai,LOC,0.70000000,0.00000000,de,1.00000000,,-1,,,,,,
Tauplitz,Tauplitz,LOC,0.70000000,0.00000000,de,1.00000000,4375051-5,2763855,X,47.56004900,14.01293000,EUROPE,Austria,WCE
Wintersportsaison,Wintersportsaison,LOC,0.00000000,0.00000000,de,1.00000000,,-1,,,,,,
Beaver Creek,Beaver Creek,LOC,0.00000000,0.00000000,de,1.00000000,,-1,,,,,,
Beaver,Beaver,LOC,0.00000000,0.00000000,de,1.00000000,,-1,,,,,,
Österreicher,Österreicher,LOC,0.00000000,0.00000000,de,1.00000000,,-1,,,,,,
sch…,sch…,LOC,0.00000000,0.00000000,de,1.00000000,,-1,,,,,,
Mount Everest Region,Mount Everest Region,LOC,0.00000000,0.00000000,de,1.00000000,,-1,,,,,,
Frühlingsgefühle,Frühlingsgefühle,LOC,0.00000000,0.00000000,de,1.00000000,,-1,,,,,,
Everest,Everest,LOC,-0.70000000,0.00000000,de,1.00000000,,-1,,,,,,
Verbrenner-Aus,Verbrenner-Aus,LOC,-0.85000000,0.00000000,de,1.00000000,,-1,,,,,,
Westösterreich,Westösterreich,LOC,0.70000000,0.00000000,de,1.00000000,,-1,,,,,,
Berlin-Brandenburg,Berlin-Brandenburg,LOC,0.00000000,0.00000000,de,1.00000000,,-1,,,,,,
Olympia,Olympia,LOC,0.00000000,0.00000000,de,1.00000000,4043508-8,264637,X,37.64788000,21.62709900,EUROPE-AFRICA,Greece,MED
Mengen,Mengen,LOC,0.00000000,0.00000000,de,1.00000000,,-1,,,,,,
Landkreis Waldeck-Frankenberg,Landkreis Waldeck-Frankenberg,LOC,0.00000000,0.00000000,de,1.00000000,,-1,,,,,,
Finnland,Finnland,LOC,1.00000000,0.00000000,de,1.00000000,4017243-0,660013,X,64.00000000,26.00000000,EUROPE,Finland,NEU
Fährausfälle,Fährausfälle,LOC,0.00000000,0.00000000,de,1.00000000,,-1,,,,,,
Weißröckchen,Weißröckchen,LOC,-0.35000000,0.50000000,de,1.00000000,,-1,,,,,,
Schneeflöckchen,Schneeflöckchen,LOC,-0.35000000,0.50000000,de,1.00000000,,-1,,,,,,
Düsseldorf,Düsseldorf,LOC,-0.35000000,0.50000000,de,1.00000000,4013255-9,2934246,X,51.22171900,6.77616000,EUROPE,Germany,WCE
Weihnachtstage,Weihnachtstage,LOC,0.70000000,0.00000000,de,1.00000000,,-1,,,,,,
Böen,Böen,LOC,0.70000000,0.00000000,de,1.00000000,,-1,,,,,,
Sonnenschein,Sonnenschein,LOC,0.00000000,0.00000000,de,1.00000000,,-1,,,,,,
Österreich…,Österreich…,LOC,0.00000000,0.00000000,de,1.00000000,,-1,,,,,,
Frankfurt am Main,Frankfurt am Main,LOC,0.00000000,1.00000000,de,1.00000000,,-1,,,,,,
CSU-Chef,CSU-Chef,LOC,-0.85000000,0.00000000,de,1.00000000,,-1,,,,,,
Süddeutschlands,Süddeutschlands,LOC,0.00000000,0.00000000,de,1.00000000,,-1,,,,,,
Qudang ge,Qudang ge,LOC,0.70000000,0.00000000,de,1.00000000,,-1,,,,,,
Bayerns Alpen,Bayerns Alpen,LOC,0.00000000,0.00000000,de,1.00000000,,-1,,,,,,
Nord-Saudi-Arabien,Nord-Saudi-Arabien,LOC,0.70000000,0.00000000,de,1.00000000,,-1,,,,,,
Heiligabend,Heiligabend,LOC,0.00000000,0.00000000,de,1.00000000,,-1,,,,,,
Fest,Fest,LOC,0.00000000,0.00000000,de,1.00000000,,-1,,,,,,
Tal auf Ku…,Tal auf Ku…,LOC,1.00000000,0.00000000,de,1.00000000,,-1,,,,,,
Höss,Höss,LOC,0.00000000,0.00000000,de,1.00000000,,-1,,,,,,
Adventswochenende,Adventswochenende,LOC,0.00000000,0.00000000,de,1.00000000,,-1,,,,,,
Winterwunderland,Winterwunderland,LOC,1.00000000,0.00000000,de,1.00000000,,-1,,,,,,
Ski-Looks,Ski-Looks,LOC,0.70000000,0.00000000,de,1.00000000,,-1,,,,,,
ARD-aktuell,ARD-aktuell,LOC,-0.85000000,0.00000000,de,1.00000000,,-1,,,,,,
Berges,Berges,LOC,-0.35000000,0.50000000,de,1.00000000,,-1,,,,,,
di…,di…,LOC,0.70000000,0.00000000,de,1.00000000,,-1,,,,,,
Altenburger Land,Altenburger Land,LOC,0.70000000,0.00000000,de,1.00000000,,-1,,,,,,
Bödele,Bödele,LOC,0.00000000,0.00000000,de,1.00000000,,-1,,,,,,
Berlin-Mitte,Berlin-Mitte,LOC,0.00000000,0.00000000,de,1.00000000,4248938-6,2870912,X,52.51666900,13.36666900,EUROPE,Germany,WCE
Riesen-Tanne,Riesen-Tanne,LOC,0.70000000,0.00000000,de,1.00000000,,-1,,,,,,
Indoor-Schneefall,Indoor-Schneefall,LOC,0.70000000,0.00000000,de,1.00000000,,-1,,,,,,
Eisfläche,Eisfläche,LOC,0.70000000,0.00000000,de,1.00000000,,-1,,,,,,
Winter-Wonderland,Winter-Wonderland,LOC,0.00000000,0.00000000,de,1.00000000,,-1,,,,,,
Himalaja,Himalaja,LOC,0.00000000,0.00000000,de,1.00000000,,-1,,,,,,
Ski-Tickets,Ski-Tickets,LOC,1.00000000,0.00000000,de,1.00000000,,-1,,,,,,
Hittisau,Hittisau,LOC,0.00000000,0.00000000,de,1.00000000,,-1,,,,,,
Velogemel-Fahren,Velogemel-Fahren,LOC,0.00000000,0.00000000,de,1.00000000,,-1,,,,,,
Bramberg,Bramberg,LOC,0.70000000,0.00000000,de,1.00000000,,-1,,,,,,
NÖ Bergerlebnispass,NÖ Bergerlebnispass,LOC,0.00000000,0.00000000,de,1.00000000,,-1,,,,,,
Dornbirn,Dornbirn,LOC,0.00000000,0.00000000,de,1.00000000,4012792-8,2780741,X,47.41667000,9.73306000,EUROPE,Austria,WCE
Fichtelberg …,Fichtelberg …,LOC,0.00000000,0.00000000,de,1.00000000,,-1,,,,,,
Bezirk Scheibbs,Bezirk Scheibbs,LOC,1.00000000,0.00000000,de,1.00000000,,-1,,,,,,
Vorarlbergs,Vorarlbergs,LOC,0.50000000,0.50000000,de,1.00000000,,-1,,,,,,
Sturmböen an der Nordsee,Sturmböen an der Nordsee,LOC,-0.70000000,0.00000000,de,1.00000000,,-1,,,,,,
Mittelmeer,Mittelmeer,LOC,0.70000000,0.00000000,de,1.00000000,,-1,,,,,,
Super-Vorverkau…,Super-Vorverkau…,LOC,0.00000000,0.00000000,de,1.00000000,,-1,,,,,,
besond…,besond…,LOC,0.00000000,0.00000000,de,1.00000000,,-1,,,,,,
Glatteisrisiko,Glatteisrisiko,LOC,0.70000000,0.00000000,de,1.00000000,,-1,,,,,,
Offenbach vorhers…,Offenbach vorhers…,LOC,0.00000000,0.00000000,de,1.00000000,,-1,,,,,,
Garmisch-Partenkirchen,Garmisch-Partenkirchen,LOC,0.50000000,0.50000000,de,1.00000000,4019275-1,2922530,X,47.49208900,11.09576000,EUROPE,Germany,WCE
Augentest,Augentest,LOC,1.00000000,0.00000000,de,1.00000000,,-1,,,,,,
Niederösterreichs,Niederösterreichs,LOC,-0.70000000,0.00000000,de,1.00000000,,-1,,,,,,
Steiermark …,Steiermark …,LOC,-0.70000000,0.00000000,de,1.00000000,,-1,,,,,,
Nieder-,Nieder-,LOC,-0.70000000,0.00000000,de,1.00000000,,-1,,,,,,
Land Salzburg,Land Salzburg,LOC,0.00000000,0.00000000,de,1.00000000,4051423-7,2766823,X,47.41667000,13.25000000,EUROPE,Austria,WCE
Winzern,Winzern,LOC,0.00000000,0.00000000,de,1.00000000,,-1,,,,,,
Poseck,Poseck,LOC,0.00000000,0.00000000,de,1.00000000,,-1,,,,,,
Dachstein West heu…,Dachstein West heu…,LOC,0.00000000,0.00000000,de,1.00000000,,-1,,,,,,
Lackenhof,Lackenhof,LOC,1.00000000,0.00000000,de,1.00000000,,-1,,,,,,
Ötscherliften,Ötscherliften,LOC,1.00000000,0.00000000,de,1.00000000,,-1,,,,,,
Lunz am See,Lunz am See,LOC,1.00000000,0.00000000,de,1.00000000,4036679-0,2772186,X,47.86119900,15.02998000,EUROPE,Austria,WCE
Maiszinken,Maiszinken,LOC,1.00000000,0.00000000,de,1.00000000,,-1,,,,,,
Höhengebiet,Höhengebiet,LOC,0.00000000,0.00000000,de,1.00000000,,-1,,,,,,
plötzlic…,plötzlic…,LOC,0.00000000,0.00000000,de,1.00000000,,-1,,,,,,
Schneesturm am,Schneesturm am,LOC,0.00000000,0.00000000,de,1.00000000,,-1,,,,,,
Wintersports,Wintersports,LOC,0.00000000,0.00000000,de,1.00000000,,-1,,,,,,
Achter-Sesselbahn,Achter-Sesselbahn,LOC,0.00000000,0.00000000,de,1.00000000,,-1,,,,,,
Zehner-Gondelbahn,Zehner-Gondelbahn,LOC,0.00000000,0.00000000,de,1.00000000,,-1,,,,,,
Skigebiete Planai,Skigebiete Planai,LOC,0.70000000,0.00000000,de,1.00000000,,-1,,,,,,
Schladming-Dachstein,Schladming-Dachstein,LOC,0.00000000,0.00000000,de,1.00000000,,-1,,,,,,
Lagerkomplex,Lagerkomplex,LOC,0.00000000,0.00000000,de,1.00000000,,-1,,,,,,
Großbrand,Großbrand,LOC,0.00000000,0.00000000,de,1.00000000,,-1,,,,,,
Millionenschaden,Millionenschaden,LOC,0.00000000,0.00000000,de,1.00000000,,-1,,,,,,
Hattersheim,Hattersheim,LOC,0.00000000,0.00000000,de,1.00000000,4023631-6,2909240,X,50.07853900,8.47551900,EUROPE,Germany,WCE
Anrede,Anrede,LOC,0.35000000,0.50000000,de,1.00000000,,-1,,,,,,
Krimi-Bestsellers,Krimi-Bestsellers,LOC,0.00000000,0.00000000,de,1.00000000,,-1,,,,,,
Polarkreis,Polarkreis,LOC,-0.70000000,0.00000000,de,1.00000000,,-1,,,,,,
Tälern,Tälern,LOC,-0.70000000,0.00000000,de,1.00000000,,-1,,,,,,
Cortina,Cortina,LOC,0.00000000,0.00000000,de,1.00000000,4085339-1,3177952,X,46.53690000,12.13903000,EUROPE,Italy,WCE
Oberösterreichs,Oberösterreichs,LOC,0.00000000,0.00000000,de,1.00000000,,-1,,,,,,
Tauernautobahn heuer,Tauernautobahn heuer,LOC,0.35000000,0.50000000,de,1.00000000,,-1,,,,,,
GIeßen,GIeßen,LOC,0.00000000,0.00000000,de,1.00000000,,-1,,,,,,
Provinzen,Provinzen,LOC,0.00000000,0.00000000,de,1.00000000,,-1,,,,,,
Weihnachtsmarkt,Weihnachtsmarkt,LOC,0.00000000,0.00000000,de,1.00000000,,-1,,,,,,
Bahngleise,Bahngleise,LOC,-1.00000000,0.00000000,de,1.00000000,,-1,,,,,,
Jänner,Jänner,LOC,1.00000000,0.00000000,de,1.00000000,,-1,,,,,,
Sachs…,Sachs…,LOC,0.00000000,0.00000000,de,1.00000000,,-1,,,,,,
Ingelheim,Ingelheim,LOC,0.00000000,0.00000000,de,1.00000000,,-1,,,,,,
Beifahrer,Beifahrer,LOC,1.00000000,0.00000000,de,1.00000000,,-1,,,,,,
Herren-Riesentorlaufs,Herren-Riesentorlaufs,LOC,0.00000000,0.00000000,de,1.00000000,,-1,,,,,,
Sölden am Sonntag,Sölden am Sonntag,LOC,0.00000000,0.00000000,de,1.00000000,,-1,,,,,,
Offenbach/Poppenhausen,Offenbach/Poppenhausen,LOC,-0.70000000,0.00000000,de,1.00000000,,-1,,,,,,
Anhalt,Anhalt,LOC,0.00000000,0.00000000,de,1.00000000,,-1,,,,,,
Babelsberg,Babelsberg,LOC,0.35000000,0.50000000,de,1.00000000,4256237-5,2953775,X,52.39321900,13.09549900,EUROPE,Germany,WCE
Leipzig,Leipzig,LOC,0.00000000,0.00000000,de,1.00000000,4035206-7,2879139,X,51.33944400,12.37111100,EUROPE,Germany,WCE
Westens,Westens,LOC,0.00000000,0.00000000,de,1.00000000,,-1,,,,,,
Nevada,Nevada,LOC,0.35000000,0.50000000,de,1.00000000,4041996-4,5509151,X,39.25021000,-116.75118900,NORTH-AMERICA,United States,WNA
Landes Schnee,Landes Schnee,LOC,0.00000000,0.00000000,de,1.00000000,,-1,,,,,,
Nordhälfte,Nordhälfte,LOC,1.00000000,0.00000000,de,1.00000000,,-1,,,,,,
halbe Land,halbe Land,LOC,0.00000000,0.00000000,de,1.00000000,,-1,,,,,,
Tag am See,Tag am See,LOC,0.00000000,0.00000000,de,1.00000000,,-1,,,,,,
Karacho,Karacho,LOC,0.00000000,0.00000000,de,1.00000000,,-1,,,,,,
Auslage,Auslage,LOC,0.00000000,0.00000000,de,1.00000000,,-1,,,,,,
Skigebieten,Skigebieten,LOC,-0.50000000,0.00000000,de,1.00000000,,-1,,,,,,
Montagnachmittag,Montagnachmittag,LOC,0.00000000,0.00000000,de,1.00000000,,-1,,,,,,
Hochfügenerstraße,Hochfügenerstraße,LOC,0.00000000,0.00000000,de,1.00000000,,-1,,,,,,
Zillertal,Zillertal,LOC,0.00000000,0.00000000,de,1.00000000,,-1,,,,,,
Bezirk Schwaz,Bezirk Schwaz,LOC,0.00000000,0.00000000,de,1.00000000,,-1,,,,,,
Tirols,Tirols,LOC,0.70000000,0.00000000,de,1.00000000,,-1,,,,,,
Tirols Bergen,Tirols Bergen,LOC,0.70000000,0.00000000,de,1.00000000,,-1,,,,,,
Hahntennjoch,Hahntennjoch,LOC,0.70000000,0.00000000,de,1.00000000,,-1,,,,,,
Imst,Imst,LOC,0.70000000,0.00000000,de,1.00000000,4026692-8,2775307,X,47.24500000,10.73972200,EUROPE,Austria,WCE
Flixbus,Flixbus,LOC,0.70000000,0.00000000,de,1.00000000,,-1,,,,,,
Türe,Türe,LOC,0.00000000,0.00000000,de,1.00000000,,-1,,,,,,
Straßenrand,Straßenrand,LOC,0.00000000,0.00000000,de,1.00000000,,-1,,,,,,
Kaunertal,Kaunertal,LOC,1.00000000,0.00000000,de,1.00000000,,-1,,,,,,
Passauer Land,Passauer Land,LOC,0.00000000,0.00000000,de,1.00000000,,-1,,,,,,
Erzgebirgskreis,Erzgebirgskreis,LOC,0.00000000,0.00000000,de,1.00000000,,-1,,,,,,
Dagebüll,Dagebüll,LOC,0.00000000,0.00000000,de,1.00000000,4104277-3,2939489,X,54.72928000,8.70082900,EUROPE,Germany,NEU
Hitze,Hitze,LOC,0.00000000,1.00000000,de,1.00000000,,-1,,,,,,
Winterberg,Winterberg,LOC,0.00000000,0.00000000,de,1.00000000,4262019-3,2807788,X,51.19248000,8.53467900,EUROPE,Germany,WCE
au…,au…,LOC,1.00000000,0.00000000,de,1.00000000,,-1,,,,,,
Weltraumspiegel,Weltraumspiegel,LOC,0.00000000,0.00000000,de,1.00000000,,-1,,,,,,
Hesse…,Hesse…,LOC,0.00000000,0.00000000,de,1.00000000,,-1,,,,,,
Brüssel d…,Brüssel d…,LOC,0.00000000,1.00000000,de,1.00000000,,-1,,,,,,
Weltall,Weltall,LOC,-1.00000000,0.00000000,de,1.00000000,,-1,,,,,,
Reifenwechsel,Reifenwechsel,LOC,1.00000000,0.00000000,de,1.00000000,,-1,,,,,,
Unterfranken,Unterfranken,LOC,-0.70000000,0.00000000,de,1.00000000,,-1,,,,,,
Schneeflocken in Bayern,Schneeflocken in Bayern,LOC,0.00000000,0.00000000,de,1.00000000,,-1,,,,,,
höheren Bergland,höheren Bergland,LOC,0.00000000,0.00000000,de,1.00000000,,-1,,,,,,
Neuschnee,Neuschnee,LOC,-0.70000000,0.00000000,de,1.00000000,,-1,,,,,,
Wathosen,Wathosen,LOC,0.23333333,0.00000000,de,1.00000000,,-1,,,,,,
Tourismusbranche,Tourismusbranche,LOC,0.00000000,0.00000000,de,1.00000000,,-1,,,,,,
Afrika,Afrika,LOC,1.00000000,0.00000000,de,1.00000000,4000695-5,6255146,X,7.18810000,21.09375000,AFRICA,Central African Republic,CAF
nassen F,nassen F,LOC,0.00000000,0.00000000,de,1.00000000,,-1,,,,,,
Gebirgsregionen,Gebirgsregionen,LOC,0.00000000,0.00000000,de,1.00000000,,-1,,,,,,
Nord-,Nord-,LOC,0.00000000,0.00000000,de,1.00000000,,-1,,,,,,
F…,F…,LOC,0.00000000,0.00000000,de,1.00000000,,-1,,,,,,
Gewehe,Gewehe,LOC,0.00000000,0.00000000,de,1.00000000,,-1,,,,,,
ARKOCHIC,ARKOCHIC,LOC,1.40000000,0.00000000,de,1.00000000,,-1,,,,,,
Brocken,Brocken,LOC,-0.70000000,0.00000000,de,1.00000000,,-1,,,,,,
Insassen,Insassen,LOC,1.00000000,0.00000000,de,1.00000000,,-1,,,,,,
Rocky Mountains,Rocky Mountains,LOC,0.00000000,0.00000000,de,1.00000000,,-1,,,,,,
St,St,LOC,0.00000000,0.00000000,de,1.00000000,,-1,,,,,,
Reutte,Reutte,LOC,0.00000000,0.00000000,de,1.00000000,4049661-2,2767511,X,47.48333000,10.71667000,EUROPE,Austria,WCE
Schwarzenberg,Schwarzenberg,LOC,0.00000000,0.00000000,de,1.00000000,,-1,,,,,,
Energiesparmodus,Energiesparmodus,LOC,0.00000000,0.00000000,de,1.00000000,,-1,,,,,,
Helikopter,Helikopter,LOC,0.00000000,0.00000000,de,1.00000000,,-1,,,,,,
Samstagmorgen,Samstagmorgen,LOC,0.00000000,0.33333333,de,1.00000000,,-1,,,,,,
Landwirtschaftskammer Schleswig-Holstein,Landwirtschaftskammer Schleswig-Holstein,LOC,0.00000000,0.00000000,de,1.00000000,,-1,,,,,,
IbizaHEUTE,IbizaHEUTE,LOC,0.00000000,0.00000000,de,1.00000000,,-1,,,,,,
Werratal,Werratal,LOC,0.00000000,0.00000000,de,1.00000000,,-1,,,,,,
Mitreden,Mitreden,LOC,0.00000000,1.00000000,de,1.00000000,,-1,,,,,,
Vogtland,Vogtland,LOC,0.00000000,0.00000000,de,1.00000000,,-1,,,,,,
Berchtesgadener Land,Berchtesgadener Land,LOC,-0.70000000,0.00000000,de,1.00000000,,-1,,,,,,
Wolken-Nebel-Mix,Wolken-Nebel-Mix,LOC,0.70000000,0.00000000,de,1.00000000,,-1,,,,,,
Matrashauses,Matrashauses,LOC,0.00000000,0.00000000,de,1.00000000,,-1,,,,,,
Königssee,Königssee,LOC,0.00000000,0.00000000,de,1.00000000,,-1,,,,,,
L…,L…,LOC,0.00000000,0.00000000,de,1.00000000,,-1,,,,,,
Garten,Garten,LOC,0.00000000,0.00000000,de,1.00000000,,-1,,,,,,
Roadmap,Roadmap,LOC,0.00000000,0.00000000,de,1.00000000,,-1,,,,,,
Oldenburg,Oldenburg,LOC,0.70000000,0.00000000,de,1.00000000,4043457-6,2857458,X,53.14111100,8.21444400,EUROPE,Germany,NEU
Urlaub,Urlaub,LOC,0.00000000,0.00000000,de,1.00000000,,-1,,,,,,
Buchungsplattform Holidu,Buchungsplattform Holidu,LOC,0.00000000,1.00000000,de,1.00000000,,-1,,,,,,
Berliner Sonne,Berliner Sonne,LOC,-1.00000000,0.00000000,de,1.00000000,,-1,,,,,,
Schneemangel,Schneemangel,LOC,-1.00000000,0.00000000,de,1.00000000,,-1,,,,,,
französi…,französi…,LOC,0.00000000,0.00000000,de,1.00000000,,-1,,,,,,
Chile,Chile,LOC,0.00000000,0.00000000,de,1.00000000,4009929-5,3895114,X,-30.00000000,-71.00000000,SOUTH-AMERICA,Chile,SWS
Landesgericht St. Pölten,Landesgericht St. Pölten,LOC,0.00000000,0.00000000,de,1.00000000,,-1,,,,,,
Wandsbeker Winterzauber,Wandsbeker Winterzauber,LOC,0.00000000,0.00000000,de,1.00000000,,-1,,,,,,
Weihnachtsmarkt Schneeflocken,Weihnachtsmarkt Schneeflocken,LOC,0.00000000,0.00000000,de,1.00000000,,-1,,,,,,
Alpenraum,Alpenraum,LOC,0.00000000,1.00000000,de,1.00000000,,-1,,,,,,
Vail,Vail,LOC,-1.00000000,0.00000000,de,1.00000000,,-1,,,,,,
Deu…,Deu…,LOC,0.00000000,0.00000000,de,1.00000000,,-1,,,,,,
Amerikaner,Amerikaner,LOC,-1.00000000,0.00000000,de,1.00000000,,-1,,,,,,
Playa de Palma,Playa de Palma,LOC,0.00000000,0.00000000,de,1.00000000,,-1,,,,,,
Südbaden,Südbaden,LOC,0.00000000,0.00000000,de,1.00000000,,-1,,,,,,
Ballermann,Ballermann,LOC,0.70000000,1.00000000,de,1.00000000,,-1,,,,,,
Straßenmeistereien des Landes,Straßenmeistereien des Landes,LOC,-0.70000000,0.00000000,de,1.00000000,,-1,,,,,,
Bergnot,Bergnot,LOC,0.00000000,0.00000000,de,1.00000000,,-1,,,,,,
Auernig,Auernig,LOC,0.00000000,0.00000000,de,1.00000000,,-1,,,,,,
Bezirk Spittal an der Drau,Bezirk Spittal an der Drau,LOC,0.00000000,0.00000000,de,1.00000000,,-1,,,,,,
k…,k…,LOC,-0.70000000,0.00000000,de,1.00000000,,-1,,,,,,
Feuchtsalz,Feuchtsalz,LOC,0.00000000,0.00000000,de,1.00000000,,-1,,,,,,
Luxus,Luxus,LOC,0.00000000,1.00000000,de,1.00000000,,-1,,,,,,
Italiens Alpen,Italiens Alpen,LOC,-0.70000000,0.00000000,de,1.00000000,,-1,,,,,,
Oberhausen,Oberhausen,LOC,0.00000000,0.00000000,de,1.00000000,,-1,,,,,,
westli…,westli…,LOC,0.00000000,0.00000000,de,1.00000000,,-1,,,,,,
westl…,westl…,LOC,0.00000000,0.00000000,de,1.00000000,,-1,,,,,,
Burschen,Burschen,LOC,0.00000000,0.00000000,de,1.00000000,,-1,,,,,,
Lauterbach,Lauterbach,LOC,0.00000000,1.00000000,de,1.00000000,4034771-0,2879929,X,50.63555500,9.39777700,EUROPE,Germany,WCE
Einheimischentarife,Einheimischentarife,LOC,0.00000000,0.00000000,de,1.00000000,,-1,,,,,,
Skipiste,Skipiste,LOC,0.00000000,0.00000000,de,1.00000000,,-1,,,,,,
Tagesskipass,Tagesskipass,LOC,0.00000000,1.00000000,de,1.00000000,,-1,,,,,,
Skisaison,Skisaison,LOC,0.00000000,0.00000000,de,1.00000000,,-1,,,,,,
Deutsch…,Deutsch…,LOC,0.00000000,0.00000000,de,1.00000000,,-1,,,,,,
Resterhöhe,Resterhöhe,LOC,0.00000000,0.00000000,de,1.00000000,,-1,,,,,,
Geldhahn,Geldhahn,LOC,0.00000000,0.00000000,de,1.00000000,,-1,,,,,,
Abkommens,Abkommens,LOC,0.00000000,0.00000000,de,1.00000000,,-1,,,,,,
Pariser,Pariser,LOC,0.00000000,0.00000000,de,1.00000000,,-1,,,,,,
Kitzbühel,Kitzbühel,LOC,0.70000000,0.00000000,de,1.00000000,4030895-9,2774347,X,47.44637000,12.39215000,EUROPE,Austria,WCE
Winterliches Deutschland,Winterliches Deutschland,LOC,0.00000000,0.00000000,de,1.00000000,,-1,,,,,,
Baden-Württemberg w…,Baden-Württemberg w…,LOC,0.00000000,0.00000000,de,1.00000000,,-1,,,,,,
Tourismusverband Innsbruck,Tourismusverband Innsbruck,LOC,0.00000000,0.00000000,de,1.00000000,,-1,,,,,,
Sonntag Schnee,Sonntag Schnee,LOC,0.00000000,0.00000000,de,1.00000000,,-1,,,,,,
Skipass,Skipass,LOC,0.00000000,0.00000000,de,1.00000000,,-1,,,,,,
Dresdner,Dresdner,LOC,0.00000000,0.00000000,de,1.00000000,,-1,,,,,,
November-Sommer,November-Sommer,LOC,-0.50000000,0.50000000,de,1.00000000,,-1,,,,,,
Brand,Brand,LOC,1.00000000,0.00000000,de,1.00000000,,-1,,,,,,
Rennsteigregion,Rennsteigregion,LOC,0.70000000,0.00000000,de,1.00000000,,-1,,,,,,
Thüringer Wald“,Thüringer Wald“,LOC,0.00000000,0.00000000,de,1.00000000,,-1,,,,,,
Geschriebenstein,Geschriebenstein,LOC,-0.70000000,0.00000000,de,1.00000000,,-1,,,,,,
Bernstein,Bernstein,LOC,-0.70000000,0.00000000,de,1.00000000,,-1,,,,,,
Neusiedler See,Neusiedler See,LOC,0.00000000,0.00000000,de,1.00000000,,-1,,,,,,
Eisenstadt,Eisenstadt,LOC,0.00000000,0.00000000,de,1.00000000,4014087-8,2780190,X,47.84564900,16.52327000,EUROPE,Austria,WCE
Burgenlandes heuer,Burgenlandes heuer,LOC,0.00000000,0.00000000,de,1.00000000,,-1,,,,,,
Zirl,Zirl,LOC,0.00000000,0.00000000,de,1.00000000,4119248-5,2760523,X,47.28332900,11.23333000,EUROPE,Austria,WCE
B177,B177,LOC,0.00000000,0.00000000,de,1.00000000,,-1,,,,,,
Seefelder Straße,Seefelder Straße,LOC,0.00000000,0.00000000,de,1.00000000,,-1,,,,,,
Wochenendbetrieb,Wochenendbetrieb,LOC,0.00000000,0.00000000,de,1.00000000,,-1,,,,,,
Seebliga-Bahn,Seebliga-Bahn,LOC,0.00000000,0.00000000,de,1.00000000,,-1,,,,,,
Nordseeküste,Nordseeküste,LOC,0.00000000,0.00000000,de,1.00000000,,-1,,,,,,
Irawan,Irawan,LOC,-0.70000000,0.00000000,de,1.00000000,,-1,,,,,,
Joshua,Joshua,LOC,-0.70000000,0.00000000,de,1.00000000,,-1,,,,,,
Berufsverkehrs,Berufsverkehrs,LOC,0.00000000,0.00000000,de,1.00000000,,-1,,,,,,
Stunden am Morgen,Stunden am Morgen,LOC,0.00000000,0.00000000,de,1.00000000,,-1,,,,,,
Passauer,Passauer,LOC,0.70000000,0.00000000,de,1.00000000,,-1,,,,,,
Thalfang,Thalfang,LOC,0.00000000,0.00000000,de,1.00000000,4355486-6,3204961,X,49.75000000,7.00000000,EUROPE,Germany,WCE
Atlantik,Atlantik,LOC,-0.70000000,0.00000000,de,1.00000000,4003388-0,3373405,X,10.00000000,-25.00000000,ATLANTIC,,NAO
Temperaturen absacken,Temperaturen absacken,LOC,0.00000000,0.00000000,de,1.00000000,,-1,,,,,,
Saisonbeginn,Saisonbeginn,LOC,0.00000000,0.00000000,de,1.00000000,,-1,,,,,,
Altenberg,Altenberg,LOC,0.00000000,0.00000000,de,1.00000000,,-1,,,,,,
Lech,Lech,LOC,0.00000000,0.00000000,de,1.00000000,4111228-3,2772798,X,47.20805500,10.14194400,EUROPE,Austria,WCE
Skirollerskates,Skirollerskates,LOC,0.70000000,0.00000000,de,1.00000000,,-1,,,,,,
Bergen ins Herz der Stadt,Bergen ins Herz der Stadt,LOC,1.00000000,0.00000000,de,1.00000000,,-1,,,,,,
Ulm,Ulm,LOC,0.00000000,0.00000000,de,1.00000000,4061529-7,2820256,X,48.39840900,9.99155000,EUROPE,Germany,WCE
plöt­zen­see,plöt­zen­see,LOC,0.00000000,0.00000000,de,1.00000000,,-1,,,,,,
see­en­de,see­en­de,LOC,0.00000000,0.00000000,de,1.00000000,,-1,,,,,,
fo­to­gra­fiert,fo­to­gra­fiert,LOC,0.00000000,0.00000000,de,1.00000000,,-1,,,,,,
Weinlese,Weinlese,LOC,0.85000000,0.00000000,de,1.00000000,,-1,,,,,,
Gewalttat in Maintal +++ Friedensbrücke,Gewalttat in Maintal +++ Friedensbrücke,LOC,0.85000000,0.00000000,de,1.00000000,,-1,,,,,,
Pongau/Lungau,Pongau/Lungau,LOC,0.70000000,0.00000000,de,1.00000000,,-1,,,,,,
Obertauern,Obertauern,LOC,0.70000000,0.00000000,de,1.00000000,4043000-5,2769682,X,47.24960900,13.55768900,EUROPE,Austria,WCE
Zauchensee,Zauchensee,LOC,0.70000000,0.00000000,de,1.00000000,,-1,,,,,,
Brandenburg auf Schnee,Brandenburg auf Schnee,LOC,0.00000000,0.00000000,de,1.00000000,,-1,,,,,,
Was,Was,LOC,0.00000000,0.00000000,de,1.00000000,,-1,,,,,,
Leer,Leer,LOC,-1.00000000,0.00000000,de,1.00000000,,-1,,,,,,
Schnee-Garantie,Schnee-Garantie,LOC,0.00000000,0.00000000,de,1.00000000,,-1,,,,,,
Land…,Land…,LOC,-0.70000000,0.00000000,de,1.00000000,,-1,,,,,,
Brande…,Brande…,LOC,0.00000000,0.00000000,de,1.00000000,,-1,,,,,,
Wochenendes,Wochenendes,LOC,0.00000000,0.00000000,de,1.00000000,,-1,,,,,,
Ranstadt-Dauernheim,Ranstadt-Dauernheim,LOC,1.00000000,0.00000000,de,1.00000000,4090921-9,2938726,X,50.36220000,8.95608000,EUROPE,Germany,WCE
Gewalttat in Maintal +++ Liveblog,Gewalttat in Maintal +++ Liveblog,LOC,0.00000000,0.00000000,de,1.00000000,,-1,,,,,,
Todtnau,Todtnau,LOC,0.00000000,0.00000000,de,1.00000000,4227480-1,2821975,X,47.82941000,7.94380000,EUROPE,Germany,WCE
Kamin,Kamin,LOC,1.00000000,0.00000000,de,1.00000000,,-1,,,,,,
Gera,Gera,LOC,-0.70000000,0.00000000,de,1.00000000,4020295-1,2921232,X,50.88029000,12.08187000,EUROPE,Germany,WCE
winterlich-kalt,winterlich-kalt,LOC,0.00000000,0.00000000,de,1.00000000,,-1,,,,,,
Wirtschaftskammer Tirol,Wirtschaftskammer Tirol,LOC,1.00000000,0.00000000,de,1.00000000,,-1,,,,,,
sächsischen Bergen,sächsischen Bergen,LOC,0.00000000,0.00000000,de,1.00000000,,-1,,,,,,
Bretagne,Bretagne,LOC,-0.70000000,0.00000000,de,1.00000000,,-1,,,,,,
Mittelgebirgsraum,Mittelgebirgsraum,LOC,0.00000000,0.00000000,de,1.00000000,,-1,,,,,,
Schulbus,Schulbus,LOC,0.00000000,0.00000000,de,1.00000000,,-1,,,,,,
Schwarzwalde…,Schwarzwalde…,LOC,0.00000000,0.00000000,de,1.00000000,,-1,,,,,,
Starkregen,Starkregen,LOC,-2.00000000,0.00000000,de,1.00000000,,-1,,,,,,
Niederungen,Niederungen,LOC,0.00000000,0.00000000,de,1.00000000,,-1,,,,,,
Wolken aufziehe…,Wolken aufziehe…,LOC,0.70000000,0.00000000,de,1.00000000,,-1,,,,,,
Gewittern,Gewittern,LOC,-2.00000000,0.00000000,de,1.00000000,,-1,,,,,,
Aussicht,Aussicht,LOC,0.00000000,0.00000000,de,1.00000000,,-1,,,,,,
Temperaturen w…,Temperaturen w…,LOC,0.00000000,0.00000000,de,1.00000000,,-1,,,,,,
Glatt,Glatt,LOC,0.00000000,0.00000000,de,1.00000000,,-1,,,,,,
November-Wetter,November-Wetter,LOC,-0.70000000,0.00000000,de,1.00000000,,-1,,,,,,
Eiskratzen am Morgen,Eiskratzen am Morgen,LOC,0.00000000,0.00000000,de,1.00000000,,-1,,,,,,
Snow Space,Snow Space,LOC,1.00000000,0.00000000,de,1.00000000,,-1,,,,,,
Ampelregelungen,Ampelregelungen,LOC,0.00000000,0.00000000,de,1.00000000,,-1,,,,,,
Staus,Staus,LOC,0.00000000,0.00000000,de,1.00000000,,-1,,,,,,
A10,A10,LOC,0.00000000,0.00000000,de,1.00000000,,-1,,,,,,
Pongauer,Pongauer,LOC,0.70000000,0.00000000,de,1.00000000,,-1,,,,,,
Karwendelbahn,Karwendelbahn,LOC,0.00000000,1.00000000,de,1.00000000,,-1,,,,,,
Arlbergbahn,Arlbergbahn,LOC,0.00000000,1.00000000,de,1.00000000,,-1,,,,,,
Turrache…,Turrache…,LOC,1.00000000,0.00000000,de,1.00000000,,-1,,,,,,
Reiteralm,Reiteralm,LOC,1.00000000,0.00000000,de,1.00000000,4300444-1,2848443,X,47.61666600,12.78333300,EUROPE,Austria,WCE
Planai-Hochwurzen-Bahnen,Planai-Hochwurzen-Bahnen,LOC,1.00000000,0.00000000,de,1.00000000,,-1,,,,,,
Turnau,Turnau,LOC,0.00000000,0.00000000,de,1.00000000,4495272-7,3063853,X,50.58355900,15.15185900,EUROPE,Czechia,WCE
Schwabenbergarena,Schwabenbergarena,LOC,0.00000000,0.00000000,de,1.00000000,,-1,,,,,,
Hessen ge,Hessen ge,LOC,0.00000000,0.00000000,de,1.00000000,,-1,,,,,,
Andermatt-Sedrun,Andermatt-Sedrun,LOC,0.00000000,0.00000000,de,1.00000000,,-1,,,,,,
Glätte-Alarm,Glätte-Alarm,LOC,0.00000000,0.00000000,de,1.00000000,,-1,,,,,,
Wälder,Wälder,LOC,0.70000000,0.00000000,de,1.00000000,,-1,,,,,,
Bayerische Wald,Bayerische Wald,LOC,0.00000000,0.00000000,de,1.00000000,,-1,,,,,,
laufen,laufen,LOC,0.00000000,0.00000000,de,1.00000000,,-1,,,,,,
Alpengipfeln,Alpengipfeln,LOC,0.00000000,0.00000000,de,1.00000000,,-1,,,,,,
Schneekanonen,Schneekanonen,LOC,0.00000000,0.00000000,de,1.00000000,,-1,,,,,,
NRW)/Suhl,NRW)/Suhl,LOC,-0.70000000,0.00000000,de,1.00000000,,-1,,,,,,
Meinerzhagen,Meinerzhagen,LOC,-0.70000000,0.00000000,de,1.00000000,4038445-7,2872237,X,51.10739900,7.64838000,EUROPE,Germany,WCE
Zugausfälle,Zugausfälle,LOC,0.00000000,0.00000000,de,1.00000000,,-1,,,,,,
Straßensperrungen,Straßensperrungen,LOC,0.00000000,0.00000000,de,1.00000000,,-1,,,,,,
Ärmelkanal,Ärmelkanal,LOC,-0.70000000,0.00000000,de,1.00000000,,-1,,,,,,
Räumfahrzeug,Räumfahrzeug,LOC,-1.00000000,0.00000000,de,1.00000000,,-1,,,,,,
Wetterbericht,Wetterbericht,LOC,1.00000000,0.00000000,de,1.00000000,,-1,,,,,,
Nassfeld,Nassfeld,LOC,1.00000000,0.00000000,de,1.00000000,,-1,,,,,,
Südschwarzwal…,Südschwarzwal…,LOC,0.00000000,0.00000000,de,1.00000000,,-1,,,,,,
Schneeverwehungen im Schwarzwald,Schneeverwehungen im Schwarzwald,LOC,1.00000000,0.00000000,de,1.00000000,,-1,,,,,,
Sachsen-Anhalts,Sachsen-Anhalts,LOC,0.00000000,1.00000000,de,1.00000000,,-1,,,,,,
Infrastrukturministeriums,Infrastrukturministeriums,LOC,0.00000000,0.00000000,de,1.00000000,,-1,,,,,,
Metern,Metern,LOC,0.00000000,0.00000000,de,1.00000000,,-1,,,,,,
Zügen,Zügen,LOC,0.00000000,0.00000000,de,1.00000000,,-1,,,,,,
Arnsberg,Arnsberg,LOC,0.00000000,0.00000000,de,1.00000000,4003007-6,2955471,X,51.38333000,8.08333000,EUROPE,Germany,WCE
www.zuginfo.nrw,www.zuginfo.nrw,LOC,0.00000000,0.00000000,de,1.00000000,,-1,,,,,,
Dresden/Magdeburg/Erfurt,Dresden/Magdeburg/Erfurt,LOC,-0.70000000,0.00000000,de,1.00000000,,-1,,,,,,
Katschberg,Katschberg,LOC,1.00000000,0.00000000,de,1.00000000,,-1,,,,,,
stürmische Böen,stürmische Böen,LOC,0.00000000,0.00000000,de,1.00000000,,-1,,,,,,
Hochrindl,Hochrindl,LOC,0.00000000,0.00000000,de,1.00000000,,-1,,,,,,
Neuschnee-Nachschub,Neuschnee-Nachschub,LOC,0.00000000,0.00000000,de,1.00000000,,-1,,,,,,
Kreis Waldeck-Frankenberg,Kreis Waldeck-Frankenberg,LOC,1.00000000,0.00000000,de,1.00000000,,-1,,,,,,
Straße abge…,Straße abge…,LOC,0.00000000,0.00000000,de,1.00000000,,-1,,,,,,
Thallichtenberg,Thallichtenberg,LOC,0.00000000,0.00000000,de,1.00000000,4724965-1,2823052,X,49.56667000,7.34999900,EUROPE,Germany,WCE
Evangelischen Waldkrankenhaus Spandau,Evangelischen Waldkrankenhaus Spandau,LOC,0.00000000,0.00000000,de,1.00000000,,-1,,,,,,
